"category","tree","id","skill_name","image_path","local_path","source_url","status"
"Weapon Skills","Blade","0","Hammer Slam","blade/hammerslam.png","Weapon Skills\Blade\00_Hammer Slam.png","https://coryn.club/skill/blade/hammerslam.png","downloaded"
"Weapon Skills","Blade","1","Cleaving Attack","blade/cleavingattack.png","Weapon Skills\Blade\01_Cleaving Attack.png","https://coryn.club/skill/blade/cleavingattack.png","downloaded"
"Weapon Skills","Blade","2","Storm Blaze","blade/stormblaze.png","Weapon Skills\Blade\02_Storm Blaze.png","https://coryn.club/skill/blade/stormblaze.png","downloaded"
"Weapon Skills","Blade","3","Garde Blade","blade/gardeblade.png","Weapon Skills\Blade\03_Garde Blade.png","https://coryn.club/skill/blade/gardeblade.png","downloaded"
"Weapon Skills","Blade","4","Ogre Slash","blade/ogreslash.png","Weapon Skills\Blade\04_Ogre Slash.png","https://coryn.club/skill/blade/ogreslash.png","downloaded"
"Weapon Skills","Blade","5","Hard Hit","blade/hardhit.png","Weapon Skills\Blade\05_Hard Hit.png","https://coryn.club/skill/blade/hardhit.png","downloaded"
"Weapon Skills","Blade","6","Astute","blade/astute.png","Weapon Skills\Blade\06_Astute.png","https://coryn.club/skill/blade/astute.png","downloaded"
"Weapon Skills","Blade","7","Trigger Slash","blade/tiggerslash.png","Weapon Skills\Blade\07_Trigger Slash.png","https://coryn.club/skill/blade/tiggerslash.png","downloaded"
"Weapon Skills","Blade","8","Rampage","blade/rampage.png","Weapon Skills\Blade\08_Rampage.png","https://coryn.club/skill/blade/rampage.png","downloaded"
"Weapon Skills","Blade","9","Meteor Breaker","blade/meteorbreaker.png","Weapon Skills\Blade\09_Meteor Breaker.png","https://coryn.club/skill/blade/meteorbreaker.png","downloaded"
"Weapon Skills","Blade","10","Shut-Out","blade/shutout.png","Weapon Skills\Blade\10_Shut-Out.png","https://coryn.club/skill/blade/shutout.png","downloaded"
"Weapon Skills","Blade","11","Lunar Slash","blade/lunarslash.png","Weapon Skills\Blade\11_Lunar Slash.png","https://coryn.club/skill/blade/lunarslash.png","downloaded"
"Weapon Skills","Blade","12","Sonic Blade","blade/sonicblade.png","Weapon Skills\Blade\12_Sonic Blade.png","https://coryn.club/skill/blade/sonicblade.png","downloaded"
"Weapon Skills","Blade","13","Spiral Air","blade/spiralair.png","Weapon Skills\Blade\13_Spiral Air.png","https://coryn.club/skill/blade/spiralair.png","downloaded"
"Weapon Skills","Blade","14","Sword Tempest","blade/swordtempest.png","Weapon Skills\Blade\14_Sword Tempest.png","https://coryn.club/skill/blade/swordtempest.png","downloaded"
"Weapon Skills","Blade","15","Buster Blade","blade/busterblade.png","Weapon Skills\Blade\15_Buster Blade.png","https://coryn.club/skill/blade/busterblade.png","downloaded"
"Weapon Skills","Blade","16","Aura Blade","blade/aurablade.png","Weapon Skills\Blade\16_Aura Blade.png","https://coryn.club/skill/blade/aurablade.png","downloaded"
"Weapon Skills","Blade","17","Sword Mastery","blade/swordmastery.png","Weapon Skills\Blade\17_Sword Mastery.png","https://coryn.club/skill/blade/swordmastery.png","downloaded"
"Weapon Skills","Blade","18","Quick Slash","blade/quickslash.png","Weapon Skills\Blade\18_Quick Slash.png","https://coryn.club/skill/blade/quickslash.png","downloaded"
"Weapon Skills","Blade","19","Sword Techniques","blade/swordtechniques.png","Weapon Skills\Blade\19_Sword Techniques.png","https://coryn.club/skill/blade/swordtechniques.png","downloaded"
"Weapon Skills","Blade","20","War Cry","blade/warcry.png","Weapon Skills\Blade\20_War Cry.png","https://coryn.club/skill/blade/warcry.png","downloaded"
"Weapon Skills","Blade","21","Berserk","blade/berserk.png","Weapon Skills\Blade\21_Berserk.png","https://coryn.club/skill/blade/berserk.png","downloaded"
"Weapon Skills","Blade","22","Gladiate","blade/gladiate.png","Weapon Skills\Blade\22_Gladiate.png","https://coryn.club/skill/blade/gladiate.png","downloaded"
"Weapon Skills","Blade","23","Swift Attack","blade/swiftattack.png","Weapon Skills\Blade\23_Swift Attack.png","https://coryn.club/skill/blade/swiftattack.png","downloaded"
"Weapon Skills","Shot","0","Power Shot","shot/powershot.png","Weapon Skills\Shot\00_Power Shot.png","https://coryn.club/skill/shot/powershot.png","downloaded"
"Weapon Skills","Shot","1","Bullseye","shot/bullseye.png","Weapon Skills\Shot\01_Bullseye.png","https://coryn.club/skill/shot/bullseye.png","downloaded"
"Weapon Skills","Shot","2","Arrow Rain","shot/arrowrain.png","Weapon Skills\Shot\02_Arrow Rain.png","https://coryn.club/skill/shot/arrowrain.png","downloaded"
"Weapon Skills","Shot","3","Snipe","shot/snipe.png","Weapon Skills\Shot\03_Snipe.png","https://coryn.club/skill/shot/snipe.png","downloaded"
"Weapon Skills","Shot","4","Cross Fire","shot/crossfire.png","Weapon Skills\Shot\04_Cross Fire.png","https://coryn.club/skill/shot/crossfire.png","downloaded"
"Weapon Skills","Shot","5","Piercing Shot","shot/piercingshot.png","Weapon Skills\Shot\05_Piercing Shot.png","https://coryn.club/skill/shot/piercingshot.png","downloaded"
"Weapon Skills","Shot","6","Vanquisher","shot/vanquisher.png","Weapon Skills\Shot\06_Vanquisher.png","https://coryn.club/skill/shot/vanquisher.png","downloaded"
"Weapon Skills","Shot","7","Twin Storm","shot/twinstorm.png","Weapon Skills\Shot\07_Twin Storm.png","https://coryn.club/skill/shot/twinstorm.png","downloaded"
"Weapon Skills","Shot","8","Retrograde Shot","shot/retrogradeshot.png","Weapon Skills\Shot\08_Retrograde Shot.png","https://coryn.club/skill/shot/retrogradeshot.png","downloaded"
"Weapon Skills","Shot","9","Quick Loader","shot/quickloader.png","Weapon Skills\Shot\09_Quick Loader.png","https://coryn.club/skill/shot/quickloader.png","downloaded"
"Weapon Skills","Shot","10","Moeba Shot","shot/moebashot.png","Weapon Skills\Shot\10_Moeba Shot.png","https://coryn.club/skill/shot/moebashot.png","downloaded"
"Weapon Skills","Shot","11","Paralysis Shot","shot/paralysisshot.png","Weapon Skills\Shot\11_Paralysis Shot.png","https://coryn.club/skill/shot/paralysisshot.png","downloaded"
"Weapon Skills","Shot","12","Smoke Dust","shot/smokedust.png","Weapon Skills\Shot\12_Smoke Dust.png","https://coryn.club/skill/shot/smokedust.png","downloaded"
"Weapon Skills","Shot","13","Arm Break","shot/armbreak.png","Weapon Skills\Shot\13_Arm Break.png","https://coryn.club/skill/shot/armbreak.png","downloaded"
"Weapon Skills","Shot","14","Parabola Cannon","shot/parabolacannon.png","Weapon Skills\Shot\14_Parabola Cannon.png","https://coryn.club/skill/shot/parabolacannon.png","downloaded"
"Weapon Skills","Shot","15","Spread Shot","shot/spreadshot.png","Weapon Skills\Shot\15_Spread Shot.png","https://coryn.club/skill/shot/spreadshot.png","downloaded"
"Weapon Skills","Shot","16","Shot Mastery","shot/shotmastery.png","Weapon Skills\Shot\16_Shot Mastery.png","https://coryn.club/skill/shot/shotmastery.png","downloaded"
"Weapon Skills","Shot","17","Long Range","shot/longrange.png","Weapon Skills\Shot\17_Long Range.png","https://coryn.club/skill/shot/longrange.png","downloaded"
"Weapon Skills","Shot","18","Quick Draw","shot/quickdraw.png","Weapon Skills\Shot\18_Quick Draw.png","https://coryn.club/skill/shot/quickdraw.png","downloaded"
"Weapon Skills","Shot","19","Decoy Shot","shot/decoyshot.png","Weapon Skills\Shot\19_Decoy Shot.png","https://coryn.club/skill/shot/decoyshot.png","downloaded"
"Weapon Skills","Shot","20","Element Starter","shot/elementstarter.png","Weapon Skills\Shot\20_Element Starter.png","https://coryn.club/skill/shot/elementstarter.png","downloaded"
"Weapon Skills","Shot","21","Samurai Archery","shot/samuraiarchery.png","Weapon Skills\Shot\21_Samurai Archery.png","https://coryn.club/skill/shot/samuraiarchery.png","downloaded"
"Weapon Skills","Shot","22","Sneak Attack","shot/sneakattack.png","Weapon Skills\Shot\22_Sneak Attack.png","https://coryn.club/skill/shot/sneakattack.png","downloaded"
"Weapon Skills","Shot","23","Hunting Buddy","shot/huntingbuddy.png","Weapon Skills\Shot\23_Hunting Buddy.png","https://coryn.club/skill/shot/huntingbuddy.png","downloaded"
"Weapon Skills","Shot","24","Fatal Shot","shot/fatalshot.png","Weapon Skills\Shot\24_Fatal Shot.png","https://coryn.club/skill/shot/fatalshot.png","downloaded"
"Weapon Skills","Magic","0","Magic: Arrows","magic/arrows.png","Weapon Skills\Magic\00_Magic_ Arrows.png","https://coryn.club/skill/magic/arrows.png","downloaded"
"Weapon Skills","Magic","1","Magic: Javelin","magic/javelin.png","Weapon Skills\Magic\01_Magic_ Javelin.png","https://coryn.club/skill/magic/javelin.png","downloaded"
"Weapon Skills","Magic","2","Magic: Lances","magic/lances.png","Weapon Skills\Magic\02_Magic_ Lances.png","https://coryn.club/skill/magic/lances.png","downloaded"
"Weapon Skills","Magic","3","Magic: Impact","magic/impact.png","Weapon Skills\Magic\03_Magic_ Impact.png","https://coryn.club/skill/magic/impact.png","downloaded"
"Weapon Skills","Magic","4","Magic: Finale","magic/finale.png","Weapon Skills\Magic\04_Magic_ Finale.png","https://coryn.club/skill/magic/finale.png","downloaded"
"Weapon Skills","Magic","5","Chronos Shift","magic/chronosshift.png","Weapon Skills\Magic\05_Chronos Shift.png","https://coryn.club/skill/magic/chronosshift.png","downloaded"
"Weapon Skills","Magic","6","Magic: Laser","magic/laser.png","Weapon Skills\Magic\06_Magic_ Laser.png","https://coryn.club/skill/magic/laser.png","downloaded"
"Weapon Skills","Magic","7","Magic: Wall","magic/wall.png","Weapon Skills\Magic\07_Magic_ Wall.png","https://coryn.club/skill/magic/wall.png","downloaded"
"Weapon Skills","Magic","8","Magic: Blast","magic/blast.png","Weapon Skills\Magic\08_Magic_ Blast.png","https://coryn.club/skill/magic/blast.png","downloaded"
"Weapon Skills","Magic","9","Magic: Storm","magic/storm.png","Weapon Skills\Magic\09_Magic_ Storm.png","https://coryn.club/skill/magic/storm.png","downloaded"
"Weapon Skills","Magic","10","Magic: Burst","magic/burst.png","Weapon Skills\Magic\10_Magic_ Burst.png","https://coryn.club/skill/magic/burst.png","downloaded"
"Weapon Skills","Magic","11","Magic: Magic Cannon","magic/magiccannon.png","Weapon Skills\Magic\11_Magic_ Magic Cannon.png","https://coryn.club/skill/magic/magiccannon.png","downloaded"
"Weapon Skills","Magic","12","Magic: Crash","magic/crash.png","Weapon Skills\Magic\12_Magic_ Crash.png","https://coryn.club/skill/magic/crash.png","downloaded"
"Weapon Skills","Magic","13","Magic Mastery","magic/magicmastery.png","Weapon Skills\Magic\13_Magic Mastery.png","https://coryn.club/skill/magic/magicmastery.png","downloaded"
"Weapon Skills","Magic","14","Magic Knife","magic/magicknife.png","Weapon Skills\Magic\14_Magic Knife.png","https://coryn.club/skill/magic/magicknife.png","downloaded"
"Weapon Skills","Magic","15","Qadal","magic/qadal.png","Weapon Skills\Magic\15_Qadal.png","https://coryn.club/skill/magic/qadal.png","downloaded"
"Weapon Skills","Magic","16","Spell Calibration","magic/spellcalibration.png","Weapon Skills\Magic\16_Spell Calibration.png","https://coryn.club/skill/magic/spellcalibration.png","downloaded"
"Weapon Skills","Magic","17","MP Charge","magic/mpcharge.png","Weapon Skills\Magic\17_MP Charge.png","https://coryn.club/skill/magic/mpcharge.png","downloaded"
"Weapon Skills","Magic","18","Chain Cast","magic/chaincast.png","Weapon Skills\Magic\18_Chain Cast.png","https://coryn.club/skill/magic/chaincast.png","downloaded"
"Weapon Skills","Magic","19","Power Wave","magic/powerwave.png","Weapon Skills\Magic\19_Power Wave.png","https://coryn.club/skill/magic/powerwave.png","downloaded"
"Weapon Skills","Magic","20","Maximizer","magic/maximizer.png","Weapon Skills\Magic\20_Maximizer.png","https://coryn.club/skill/magic/maximizer.png","downloaded"
"Weapon Skills","Magic","21","Rapid Charge","magic/mpcharge.png","Weapon Skills\Magic\21_Rapid Charge.png","https://coryn.club/skill/magic/mpcharge.png","downloaded"
"Weapon Skills","Magic","22","Enchanted Barrier","magic/enchantedbarriers.png","Weapon Skills\Magic\22_Enchanted Barrier.png","https://coryn.club/skill/magic/enchantedbarriers.png","downloaded"
"Weapon Skills","Magic","23","Magic: Guardian Beam","magic/guardianbeam.png","Weapon Skills\Magic\23_Magic_ Guardian Beam.png","https://coryn.club/skill/magic/guardianbeam.png","downloaded"
"Weapon Skills","Martial","0","Smash","martial/smash.png","Weapon Skills\Martial\00_Smash.png","https://coryn.club/skill/martial/smash.png","downloaded"
"Weapon Skills","Martial","1","Bash","martial/bash.png","Weapon Skills\Martial\01_Bash.png","https://coryn.club/skill/martial/bash.png","downloaded"
"Weapon Skills","Martial","2","Shell Break","martial/shellbreak.png","Weapon Skills\Martial\02_Shell Break.png","https://coryn.club/skill/martial/shellbreak.png","downloaded"
"Weapon Skills","Martial","3","Heavy Smash","martial/heavysmash.png","Weapon Skills\Martial\03_Heavy Smash.png","https://coryn.club/skill/martial/heavysmash.png","downloaded"
"Weapon Skills","Martial","4","Chariot","martial/chariot.png","Weapon Skills\Martial\04_Chariot.png","https://coryn.club/skill/martial/chariot.png","downloaded"
"Weapon Skills","Martial","5","Abstract Arms","martial/abstractarms.png","Weapon Skills\Martial\05_Abstract Arms.png","https://coryn.club/skill/martial/abstractarms.png","downloaded"
"Weapon Skills","Martial","6","Mountain Press","martial/mountainpress.png","Weapon Skills\Martial\06_Mountain Press.png","https://coryn.club/skill/martial/mountainpress.png","downloaded"
"Weapon Skills","Martial","7","Sonic Wave","martial/sonicwave.png","Weapon Skills\Martial\07_Sonic Wave.png","https://coryn.club/skill/martial/sonicwave.png","downloaded"
"Weapon Skills","Martial","8","Earthbind","martial/earthbind.png","Weapon Skills\Martial\08_Earthbind.png","https://coryn.club/skill/martial/earthbind.png","downloaded"
"Weapon Skills","Martial","9","Triple Kick","martial/triplekick.png","Weapon Skills\Martial\09_Triple Kick.png","https://coryn.club/skill/martial/triplekick.png","downloaded"
"Weapon Skills","Martial","10","Rush","martial/rush.png","Weapon Skills\Martial\10_Rush.png","https://coryn.club/skill/martial/rush.png","downloaded"
"Weapon Skills","Martial","11","Asura Aura","martial/asuraaura.png","Weapon Skills\Martial\11_Asura Aura.png","https://coryn.club/skill/martial/asuraaura.png","downloaded"
"Weapon Skills","Martial","12","Seismic Stomp","martial/seismicstomp.png","Weapon Skills\Martial\12_Seismic Stomp.png","https://coryn.club/skill/martial/seismicstomp.png","downloaded"
"Weapon Skills","Martial","13","Spin Sweep","martial/spinsweep.png","Weapon Skills\Martial\13_Spin Sweep.png","https://coryn.club/skill/martial/spinsweep.png","downloaded"
"Weapon Skills","Martial","14","Flash Blink","martial/flashblink.png","Weapon Skills\Martial\14_Flash Blink.png","https://coryn.club/skill/martial/flashblink.png","downloaded"
"Weapon Skills","Martial","15","Martial Mastery","martial/martialmastery.png","Weapon Skills\Martial\15_Martial Mastery.png","https://coryn.club/skill/martial/martialmastery.png","downloaded"
"Weapon Skills","Martial","16","Martial Discipline","martial/martialdiscipline.png","Weapon Skills\Martial\16_Martial Discipline.png","https://coryn.club/skill/martial/martialdiscipline.png","downloaded"
"Weapon Skills","Martial","17","Chakra","martial/chakra.png","Weapon Skills\Martial\17_Chakra.png","https://coryn.club/skill/martial/chakra.png","downloaded"
"Weapon Skills","Martial","18","Energy Control","martial/energycontrol.png","Weapon Skills\Martial\18_Energy Control.png","https://coryn.club/skill/martial/energycontrol.png","downloaded"
"Weapon Skills","Martial","19","Aggravate","martial/aggravate.png","Weapon Skills\Martial\19_Aggravate.png","https://coryn.club/skill/martial/aggravate.png","downloaded"
"Weapon Skills","Martial","20","Strong Chase Attack","martial/strongchaseattack.png","Weapon Skills\Martial\20_Strong Chase Attack.png","https://coryn.club/skill/martial/strongchaseattack.png","downloaded"
"Weapon Skills","Martial","21","Slide","martial/slide.png","Weapon Skills\Martial\21_Slide.png","https://coryn.club/skill/martial/slide.png","downloaded"
"Weapon Skills","Halberd","0","Flash Stab","halberd/flashstab.png","Weapon Skills\Halberd\00_Flash Stab.png","https://coryn.club/skill/halberd/flashstab.png","downloaded"
"Weapon Skills","Halberd","1","Cannon Spear","halberd/cannonspear.png","Weapon Skills\Halberd\01_Cannon Spear.png","https://coryn.club/skill/halberd/cannonspear.png","downloaded"
"Weapon Skills","Halberd","2","Dragon Tail","halberd/dragontail.png","Weapon Skills\Halberd\02_Dragon Tail.png","https://coryn.club/skill/halberd/dragontail.png","downloaded"
"Weapon Skills","Halberd","3","Dive Impact","halberd/diveimpact.png","Weapon Skills\Halberd\03_Dive Impact.png","https://coryn.club/skill/halberd/diveimpact.png","downloaded"
"Weapon Skills","Halberd","4","Dragon Tooth","halberd/dragontooth.png","Weapon Skills\Halberd\04_Dragon Tooth.png","https://coryn.club/skill/halberd/dragontooth.png","downloaded"
"Weapon Skills","Halberd","5","Draconic Charge","halberd/draconiccharge.png","Weapon Skills\Halberd\05_Draconic Charge.png","https://coryn.club/skill/halberd/draconiccharge.png","downloaded"
"Weapon Skills","Halberd","6","Deadly Spear","halberd/deadlyspear.png","Weapon Skills\Halberd\06_Deadly Spear.png","https://coryn.club/skill/halberd/deadlyspear.png","downloaded"
"Weapon Skills","Halberd","7","Strike Stab","halberd/strikestab.png","Weapon Skills\Halberd\07_Strike Stab.png","https://coryn.club/skill/halberd/strikestab.png","downloaded"
"Weapon Skills","Halberd","8","Chronos Drive","halberd/chronosdrive.png","Weapon Skills\Halberd\08_Chronos Drive.png","https://coryn.club/skill/halberd/chronosdrive.png","downloaded"
"Weapon Skills","Halberd","9","Infinite Dimension","halberd/infinitedimension.png","Weapon Skills\Halberd\09_Infinite Dimension.png","https://coryn.club/skill/halberd/infinitedimension.png","downloaded"
"Weapon Skills","Halberd","10","Punish Ray","halberd/punishray.png","Weapon Skills\Halberd\10_Punish Ray.png","https://coryn.club/skill/halberd/punishray.png","downloaded"
"Weapon Skills","Halberd","11","Blitz Spike","halberd/blitzspike.png","Weapon Skills\Halberd\11_Blitz Spike.png","https://coryn.club/skill/halberd/blitzspike.png","downloaded"
"Weapon Skills","Halberd","12","Lightning Hail","halberd/lightninghail.png","Weapon Skills\Halberd\12_Lightning Hail.png","https://coryn.club/skill/halberd/lightninghail.png","downloaded"
"Weapon Skills","Halberd","13","Thor's Hammer","halberd/thorshammer.png","Weapon Skills\Halberd\13_Thor's Hammer.png","https://coryn.club/skill/halberd/thorshammer.png","downloaded"
"Weapon Skills","Halberd","14","Halberd Mastery","halberd/halberdmastery.png","Weapon Skills\Halberd\14_Halberd Mastery.png","https://coryn.club/skill/halberd/halberdmastery.png","downloaded"
"Weapon Skills","Halberd","15","Critical Spear","halberd/criticalspear.png","Weapon Skills\Halberd\15_Critical Spear.png","https://coryn.club/skill/halberd/criticalspear.png","downloaded"
"Weapon Skills","Halberd","16","Tornado Lance","halberd/tornadolance.png","Weapon Skills\Halberd\16_Tornado Lance.png","https://coryn.club/skill/halberd/tornadolance.png","downloaded"
"Weapon Skills","Halberd","17","Quick Aura","halberd/quickaura.png","Weapon Skills\Halberd\17_Quick Aura.png","https://coryn.club/skill/halberd/quickaura.png","downloaded"
"Weapon Skills","Halberd","18","War Cry of Struggle","halberd/warcryofstruggle.png","Weapon Skills\Halberd\18_War Cry of Struggle.png","https://coryn.club/skill/halberd/warcryofstruggle.png","downloaded"
"Weapon Skills","Halberd","19","Godspeed Wield","halberd/godspeedwield.png","Weapon Skills\Halberd\19_Godspeed Wield.png","https://coryn.club/skill/halberd/godspeedwield.png","downloaded"
"Weapon Skills","Halberd","20","Almighty Wield","halberd/godspeedwield.png","Weapon Skills\Halberd\20_Almighty Wield.png","https://coryn.club/skill/halberd/godspeedwield.png","downloaded"
"Weapon Skills","Halberd","21","Buster Lance","halberd/busterlance.png","Weapon Skills\Halberd\21_Buster Lance.png","https://coryn.club/skill/halberd/busterlance.png","downloaded"
"Weapon Skills","Mononofu","0","Issen","katana/issen.png","Weapon Skills\Mononofu\00_Issen.png","https://coryn.club/skill/katana/issen.png","downloaded"
"Weapon Skills","Mononofu","1","Pulse Blade","katana/pulseblade.png","Weapon Skills\Mononofu\01_Pulse Blade.png","https://coryn.club/skill/katana/pulseblade.png","downloaded"
"Weapon Skills","Mononofu","2","Triple Thrust","katana/triplethrust.png","Weapon Skills\Mononofu\02_Triple Thrust.png","https://coryn.club/skill/katana/triplethrust.png","downloaded"
"Weapon Skills","Mononofu","3","Hasso Happa","katana/hassohappa.png","Weapon Skills\Mononofu\03_Hasso Happa.png","https://coryn.club/skill/katana/hassohappa.png","downloaded"
"Weapon Skills","Mononofu","4","Tenryu Ransei","katana/tenryuransei.png","Weapon Skills\Mononofu\04_Tenryu Ransei.png","https://coryn.club/skill/katana/tenryuransei.png","downloaded"
"Weapon Skills","Mononofu","5","Kasumisetsu Getsuka","katana/kasumisetsugetsuka.png","Weapon Skills\Mononofu\05_Kasumisetsu Getsuka.png","https://coryn.club/skill/katana/kasumisetsugetsuka.png","downloaded"
"Weapon Skills","Mononofu","6","Garyou Tensei","katana/garyoutensei.png","Weapon Skills\Mononofu\06_Garyou Tensei.png","https://coryn.club/skill/katana/garyoutensei.png","downloaded"
"Weapon Skills","Mononofu","7","Shadowless Slash","katana/shadowlessslash.png","Weapon Skills\Mononofu\07_Shadowless Slash.png","https://coryn.club/skill/katana/shadowlessslash.png","downloaded"
"Weapon Skills","Mononofu","8","Pommel Strike","katana/pomelstrike.png","Weapon Skills\Mononofu\08_Pommel Strike.png","https://coryn.club/skill/katana/pomelstrike.png","downloaded"
"Weapon Skills","Mononofu","9","Magadachi","katana/magadachi.png","Weapon Skills\Mononofu\09_Magadachi.png","https://coryn.club/skill/katana/magadachi.png","downloaded"
"Weapon Skills","Mononofu","10","Zantei Settetsu","katana/zanteisettetsu.png","Weapon Skills\Mononofu\10_Zantei Settetsu.png","https://coryn.club/skill/katana/zanteisettetsu.png","downloaded"
"Weapon Skills","Mononofu","11","Bushido","katana/bushido.png","Weapon Skills\Mononofu\11_Bushido.png","https://coryn.club/skill/katana/bushido.png","downloaded"
"Weapon Skills","Mononofu","12","Shukuchi","katana/shukuchi.png","Weapon Skills\Mononofu\12_Shukuchi.png","https://coryn.club/skill/katana/shukuchi.png","downloaded"
"Weapon Skills","Mononofu","13","Nukiuchi Sennosen","katana/shukuchi.png","Weapon Skills\Mononofu\13_Nukiuchi Sennosen.png","https://coryn.club/skill/katana/shukuchi.png","downloaded"
"Weapon Skills","Mononofu","14","Two-Handed","katana/twohanded.png","Weapon Skills\Mononofu\14_Two-Handed.png","https://coryn.club/skill/katana/twohanded.png","downloaded"
"Weapon Skills","Mononofu","15","Meikyo Shisui","katana/meikyoshisui.png","Weapon Skills\Mononofu\15_Meikyo Shisui.png","https://coryn.club/skill/katana/meikyoshisui.png","downloaded"
"Weapon Skills","Mononofu","16","Kairiki Ranshin","katana/kairikiranshin.png","Weapon Skills\Mononofu\16_Kairiki Ranshin.png","https://coryn.club/skill/katana/kairikiranshin.png","downloaded"
"Weapon Skills","Mononofu","17","Dauntless","katana/dauntless.png","Weapon Skills\Mononofu\17_Dauntless.png","https://coryn.club/skill/katana/dauntless.png","downloaded"
"Weapon Skills","Mononofu","18","Auspicious Wind","katana/auspiciouswind.png","","https://coryn.club/skill/katana/auspiciouswind.png","failed: HTTPError"
"Weapon Skills","Mononofu","19","Gust","katana/gust.png","","https://coryn.club/skill/katana/gust.png","failed: HTTPError"
"Weapon Skills","Mononofu","20","Zephyr Rush","katana/zephyrrush.png","","https://coryn.club/skill/katana/zephyrrush.png","failed: HTTPError"
"Weapon Skills","Mononofu","21","Super Gust","katana/gust.png","","https://coryn.club/skill/katana/gust.png","failed: HTTPError"
"Weapon Skills","Mononofu","22","Bouncing Blade","katana/bouncingblade.png","Weapon Skills\Mononofu\22_Bouncing Blade.png","https://coryn.club/skill/katana/bouncingblade.png","downloaded"
"Weapon Skills","DualSword","0","Dual Sword Mastery","dw/dualswordmastery.png","Weapon Skills\DualSword\00_Dual Sword Mastery.png","https://coryn.club/skill/dw/dualswordmastery.png","downloaded"
"Weapon Skills","DualSword","1","Twin Slash","dw/twinslash.png","Weapon Skills\DualSword\01_Twin Slash.png","https://coryn.club/skill/dw/twinslash.png","downloaded"
"Weapon Skills","DualSword","2","Spinning Slash","dw/spinningslash.png","Weapon Skills\DualSword\02_Spinning Slash.png","https://coryn.club/skill/dw/spinningslash.png","downloaded"
"Weapon Skills","DualSword","3","Phantom Slash","dw/phantomslash.png","Weapon Skills\DualSword\03_Phantom Slash.png","https://coryn.club/skill/dw/phantomslash.png","downloaded"
"Weapon Skills","DualSword","4","Aerial Cut","dw/aerialcut.png","Weapon Skills\DualSword\04_Aerial Cut.png","https://coryn.club/skill/dw/aerialcut.png","downloaded"
"Weapon Skills","DualSword","5","Cross Parry","dw/crossparry.png","Weapon Skills\DualSword\05_Cross Parry.png","https://coryn.club/skill/dw/crossparry.png","downloaded"
"Weapon Skills","DualSword","6","Charging Slash","dw/chargingslash.png","Weapon Skills\DualSword\06_Charging Slash.png","https://coryn.club/skill/dw/chargingslash.png","downloaded"
"Weapon Skills","DualSword","7","Shadowstep","dw/shadowstep.png","Weapon Skills\DualSword\07_Shadowstep.png","https://coryn.club/skill/dw/shadowstep.png","downloaded"
"Weapon Skills","DualSword","8","Shining Cross","dw/shiningcross.png","Weapon Skills\DualSword\08_Shining Cross.png","https://coryn.club/skill/dw/shiningcross.png","downloaded"
"Weapon Skills","DualSword","9","Lunar Misfortune","dw/lunarmisfortune.png","Weapon Skills\DualSword\09_Lunar Misfortune.png","https://coryn.club/skill/dw/lunarmisfortune.png","downloaded"
"Weapon Skills","DualSword","10","Twin Buster Blade","dw/twinbusterblade.png","Weapon Skills\DualSword\10_Twin Buster Blade.png","https://coryn.club/skill/dw/twinbusterblade.png","downloaded"
"Weapon Skills","DualSword","11","Reflex","dw/reflex.png","Weapon Skills\DualSword\11_Reflex.png","https://coryn.club/skill/dw/reflex.png","downloaded"
"Weapon Skills","DualSword","12","Flash Blast","dw/flashblast.png","Weapon Skills\DualSword\12_Flash Blast.png","https://coryn.club/skill/dw/flashblast.png","downloaded"
"Weapon Skills","DualSword","13","Storm Reaper","dw/stormreaper.png","Weapon Skills\DualSword\13_Storm Reaper.png","https://coryn.club/skill/dw/stormreaper.png","downloaded"
"Weapon Skills","DualSword","14","Dual Sword Control","dw/dualswordcontrol.png","Weapon Skills\DualSword\14_Dual Sword Control.png","https://coryn.club/skill/dw/dualswordcontrol.png","downloaded"
"Weapon Skills","DualSword","15","Godspeed","dw/godspeed.png","Weapon Skills\DualSword\15_Godspeed.png","https://coryn.club/skill/dw/godspeed.png","downloaded"
"Weapon Skills","DualSword","16","Saber Aura","dw/saberaura.png","Weapon Skills\DualSword\16_Saber Aura.png","https://coryn.club/skill/dw/saberaura.png","downloaded"
"Weapon Skills","DualSword","17","Crescent Saber","dw/crescentsaber.png","Weapon Skills\DualSword\17_Crescent Saber.png","https://coryn.club/skill/dw/crescentsaber.png","downloaded"
"Weapon Skills","DualSword","18","Aerial Slay","dw/aerialslay.png","Weapon Skills\DualSword\18_Aerial Slay.png","https://coryn.club/skill/dw/aerialslay.png","downloaded"
"Weapon Skills","DualSword","19","Horizon Cut","dw/horizoncut.png","Weapon Skills\DualSword\19_Horizon Cut.png","https://coryn.club/skill/dw/horizoncut.png","downloaded"
"Weapon Skills","DualSword","20","Sting Blade","dw/stingblade.png","Weapon Skills\DualSword\20_Sting Blade.png","https://coryn.club/skill/dw/stingblade.png","downloaded"
"Weapon Skills","Crusher","0","Forefist Punch","crusher/forefistpunch.png","Weapon Skills\Crusher\00_Forefist Punch.png","https://coryn.club/skill/crusher/forefistpunch.png","downloaded"
"Weapon Skills","Crusher","1","Goliath Punch","crusher/goliathpunch.png","Weapon Skills\Crusher\01_Goliath Punch.png","https://coryn.club/skill/crusher/goliathpunch.png","downloaded"
"Weapon Skills","Crusher","2","God Hand","crusher/godhand.png","Weapon Skills\Crusher\02_God Hand.png","https://coryn.club/skill/crusher/godhand.png","downloaded"
"Weapon Skills","Crusher","3","Divine Rigid Body","crusher/godhand.png","Weapon Skills\Crusher\03_Divine Rigid Body.png","https://coryn.club/skill/crusher/godhand.png","downloaded"
"Weapon Skills","Crusher","4","Breathwork","crusher/breathwork.png","Weapon Skills\Crusher\04_Breathwork.png","https://coryn.club/skill/crusher/breathwork.png","downloaded"
"Weapon Skills","Crusher","5","Floating Kick","crusher/floatingkick.png","Weapon Skills\Crusher\05_Floating Kick.png","https://coryn.club/skill/crusher/floatingkick.png","downloaded"
"Weapon Skills","Crusher","6","Geyser Kick","crusher/geyserkick.png","Weapon Skills\Crusher\06_Geyser Kick.png","https://coryn.club/skill/crusher/geyserkick.png","downloaded"
"Weapon Skills","Crusher","7","Combination","crusher/combination.png","Weapon Skills\Crusher\07_Combination.png","https://coryn.club/skill/crusher/combination.png","downloaded"
"Weapon Skills","Crusher","8","Annihilator","crusher/annihilator.png","Weapon Skills\Crusher\08_Annihilator.png","https://coryn.club/skill/crusher/annihilator.png","downloaded"
"Weapon Skills","Crusher","9","Terrablast","crusher/terrablast.png","Weapon Skills\Crusher\09_Terrablast.png","https://coryn.club/skill/crusher/terrablast.png","downloaded"
"Weapon Skills","Sprite","0","Auto-Device","sprite/autodevice.png","Weapon Skills\Sprite\00_Auto-Device.png","https://coryn.club/skill/sprite/autodevice.png","downloaded"
"Weapon Skills","Sprite","1","Express Aid","sprite/expressaid.png","Weapon Skills\Sprite\01_Express Aid.png","https://coryn.club/skill/sprite/expressaid.png","downloaded"
"Weapon Skills","Sprite","2","Micro Heal","sprite/microheal.png","Weapon Skills\Sprite\02_Micro Heal.png","https://coryn.club/skill/sprite/microheal.png","downloaded"
"Weapon Skills","Sprite","3","Resurrection","sprite/resurrection.png","Weapon Skills\Sprite\03_Resurrection.png","https://coryn.club/skill/sprite/resurrection.png","downloaded"
"Weapon Skills","Sprite","4","Enhance","sprite/enhance.png","Weapon Skills\Sprite\04_Enhance.png","https://coryn.club/skill/sprite/enhance.png","downloaded"
"Weapon Skills","Sprite","5","Stabiliz","sprite/stabiliz.png","Weapon Skills\Sprite\05_Stabiliz.png","https://coryn.club/skill/sprite/stabiliz.png","downloaded"
"Weapon Skills","Sprite","6","Sprite Upgrade","sprite/spriteupgrade.png","Weapon Skills\Sprite\06_Sprite Upgrade.png","https://coryn.club/skill/sprite/spriteupgrade.png","downloaded"
"Weapon Skills","Sprite","7","Sprite Shield","sprite/spriteshield.png","Weapon Skills\Sprite\07_Sprite Shield.png","https://coryn.club/skill/sprite/spriteshield.png","downloaded"
"Weapon Skills","Sprite","8","Counterforce","sprite/counterforce.png","Weapon Skills\Sprite\08_Counterforce.png","https://coryn.club/skill/sprite/counterforce.png","downloaded"
"Weapon Skills","Sprite","9","Astral Lance","sprite/astrallance.png","Weapon Skills\Sprite\09_Astral Lance.png","https://coryn.club/skill/sprite/astrallance.png","downloaded"
"Weapon Skills","Sprite","10","Magic Vulcan","sprite/magicvulcan.png","Weapon Skills\Sprite\10_Magic Vulcan.png","https://coryn.club/skill/sprite/magicvulcan.png","downloaded"
"Weapon Skills","Sprite","11","Cursed Altar","sprite/cursedaltar.png","Weapon Skills\Sprite\11_Cursed Altar.png","https://coryn.club/skill/sprite/cursedaltar.png","downloaded"
"Weapon Skills","Sprite","12","Ignition","sprite/ignition.png","Weapon Skills\Sprite\12_Ignition.png","https://coryn.club/skill/sprite/ignition.png","downloaded"
"Weapon Skills","Sprite","13","Terrawrym","sprite/terrawrym.png","Weapon Skills\Sprite\13_Terrawrym.png","https://coryn.club/skill/sprite/terrawrym.png","downloaded"
"Weapon Skills","Sprite","14","Faux Weapon","sprite/fauxweapon.png","Weapon Skills\Sprite\14_Faux Weapon.png","https://coryn.club/skill/sprite/fauxweapon.png","downloaded"
"Weapon Skills","Sprite","15","Slash Reaper","sprite/slashreaper.png","Weapon Skills\Sprite\15_Slash Reaper.png","https://coryn.club/skill/sprite/slashreaper.png","downloaded"
"Weapon Skills","Sprite","16","Lebenglanz","sprite/lebenglanz.png","Weapon Skills\Sprite\16_Lebenglanz.png","https://coryn.club/skill/sprite/lebenglanz.png","downloaded"
"Buff Skills","Shield","0","Shield Mastery","shield/shieldmastery.png","Buff Skills\Shield\00_Shield Mastery.png","https://coryn.club/skill/shield/shieldmastery.png","downloaded"
"Buff Skills","Shield","1","Shield Bash","shield/shieldbash.png","Buff Skills\Shield\01_Shield Bash.png","https://coryn.club/skill/shield/shieldbash.png","downloaded"
"Buff Skills","Shield","2","Shield Cannon","shield/shieldcannon.png","Buff Skills\Shield\02_Shield Cannon.png","https://coryn.club/skill/shield/shieldcannon.png","downloaded"
"Buff Skills","Shield","3","Guard Strike","shield/guardstrike.png","Buff Skills\Shield\03_Guard Strike.png","https://coryn.club/skill/shield/guardstrike.png","downloaded"
"Buff Skills","Shield","4","Force Shield","shield/forceshield.png","Buff Skills\Shield\04_Force Shield.png","https://coryn.club/skill/shield/forceshield.png","downloaded"
"Buff Skills","Shield","5","Magical Shield","shield/magicalshield.png","Buff Skills\Shield\05_Magical Shield.png","https://coryn.club/skill/shield/magicalshield.png","downloaded"
"Buff Skills","Shield","6","Shield Uppercut","shield/shielduppercut.png","Buff Skills\Shield\06_Shield Uppercut.png","https://coryn.club/skill/shield/shielduppercut.png","downloaded"
"Buff Skills","Shield","7","Dual Shields","shield/dualshields.png","Buff Skills\Shield\07_Dual Shields.png","https://coryn.club/skill/shield/dualshields.png","downloaded"
"Buff Skills","Shield","8","Shield Repair","shield/shieldrepair.png","Buff Skills\Shield\08_Shield Repair.png","https://coryn.club/skill/shield/shieldrepair.png","downloaded"
"Buff Skills","Shield","9","Belagerung","shield/belagerung.png","Buff Skills\Shield\09_Belagerung.png","https://coryn.club/skill/shield/belagerung.png","downloaded"
"Buff Skills","Shield","10","Protection","shield/protection.png","Buff Skills\Shield\10_Protection.png","https://coryn.club/skill/shield/protection.png","downloaded"
"Buff Skills","Shield","11","Aegis","shield/aegis.png","Buff Skills\Shield\11_Aegis.png","https://coryn.club/skill/shield/aegis.png","downloaded"
"Buff Skills","Shield","12","Guardian","shield/guardian.png","Buff Skills\Shield\12_Guardian.png","https://coryn.club/skill/shield/guardian.png","downloaded"
"Buff Skills","Dagger","0","Throwing Knife","dagger/throwingknife.png","Buff Skills\Dagger\00_Throwing Knife.png","https://coryn.club/skill/dagger/throwingknife.png","downloaded"
"Buff Skills","Dagger","1","Spike Dart","dagger/spikedart.png","Buff Skills\Dagger\01_Spike Dart.png","https://coryn.club/skill/dagger/spikedart.png","downloaded"
"Buff Skills","Dagger","2","Gatling Knife","dagger/gatlingknife.png","Buff Skills\Dagger\02_Gatling Knife.png","https://coryn.club/skill/dagger/gatlingknife.png","downloaded"
"Buff Skills","Dagger","3","Amazing Throw","dagger/amazingthrow.png","Buff Skills\Dagger\03_Amazing Throw.png","https://coryn.club/skill/dagger/amazingthrow.png","downloaded"
"Buff Skills","Dagger","4","Mad Dagger","dagger/maddagger.png","","https://coryn.club/skill/dagger/maddagger.png","failed: HTTPError"
"Buff Skills","Dagger","5","Poison Dagger","dagger/poisondagger.png","Buff Skills\Dagger\05_Poison Dagger.png","https://coryn.club/skill/dagger/poisondagger.png","downloaded"
"Buff Skills","Dagger","6","Double Stab","dagger/doublethrow.png","Buff Skills\Dagger\06_Double Stab.png","https://coryn.club/skill/dagger/doublethrow.png","downloaded"
"Buff Skills","Dagger","7","Hidden Arm","dagger/hiddenarm.png","Buff Skills\Dagger\07_Hidden Arm.png","https://coryn.club/skill/dagger/hiddenarm.png","downloaded"
"Buff Skills","Dagger","8","Intensive Knife","dagger/intenseknife.png","Buff Skills\Dagger\08_Intensive Knife.png","https://coryn.club/skill/dagger/intenseknife.png","downloaded"
"Buff Skills","Dagger","9","Mail Breaker","dagger/mailbreaker.png","Buff Skills\Dagger\09_Mail Breaker.png","https://coryn.club/skill/dagger/mailbreaker.png","downloaded"
"Buff Skills","Dagger","10","Knife Combat","dagger/knifecombat.png","Buff Skills\Dagger\10_Knife Combat.png","https://coryn.club/skill/dagger/knifecombat.png","downloaded"
"Buff Skills","Dagger","11","Flincher Knife","dagger/flincherknife.png","Buff Skills\Dagger\11_Flincher Knife.png","https://coryn.club/skill/dagger/flincherknife.png","downloaded"
"Buff Skills","Dagger","12","Rolling Bite","dagger/rollingbite.png","","https://coryn.club/skill/dagger/rollingbite.png","failed: HTTPError"
"Buff Skills","Knight","0","Assault Attack","knight/assaultattack.png","Buff Skills\Knight\00_Assault Attack.png","https://coryn.club/skill/knight/assaultattack.png","downloaded"
"Buff Skills","Knight","1","Parry","knight/parry.png","Buff Skills\Knight\01_Parry.png","https://coryn.club/skill/knight/parry.png","downloaded"
"Buff Skills","Knight","2","P. Defense","knight/pdefense.png","Buff Skills\Knight\02_P. Defense.png","https://coryn.club/skill/knight/pdefense.png","downloaded"
"Buff Skills","Knight","3","Fareth","knight/fareth.png","Buff Skills\Knight\03_Fareth.png","https://coryn.club/skill/knight/fareth.png","downloaded"
"Buff Skills","Knight","4","Aftershield","knight/pdefense.png","Buff Skills\Knight\04_Aftershield.png","https://coryn.club/skill/knight/pdefense.png","downloaded"
"Buff Skills","Knight","5","Provoke","knight/provoke.png","Buff Skills\Knight\05_Provoke.png","https://coryn.club/skill/knight/provoke.png","downloaded"
"Buff Skills","Knight","6","Rage Sword","knight/ragesword.png","Buff Skills\Knight\06_Rage Sword.png","https://coryn.club/skill/knight/ragesword.png","downloaded"
"Buff Skills","Knight","7","Binding Strike","knight/bindingstrike.png","Buff Skills\Knight\07_Binding Strike.png","https://coryn.club/skill/knight/bindingstrike.png","downloaded"
"Buff Skills","Knight","8","Knight Will","knight/knightwill.png","Buff Skills\Knight\08_Knight Will.png","https://coryn.club/skill/knight/knightwill.png","downloaded"
"Buff Skills","Knight","9","Blink Sword","knight/blinksword.png","Buff Skills\Knight\09_Blink Sword.png","https://coryn.club/skill/knight/blinksword.png","downloaded"
"Buff Skills","Knight","10","Sonic Thrust","knight/sonicthrust.png","Buff Skills\Knight\10_Sonic Thrust.png","https://coryn.club/skill/knight/sonicthrust.png","downloaded"
"Buff Skills","Knight","11","Revenir","knight/revenir.png","Buff Skills\Knight\11_Revenir.png","https://coryn.club/skill/knight/revenir.png","downloaded"
"Buff Skills","Knight","12","Knight's Stance","knight/knightsstance.png","Buff Skills\Knight\12_Knight's Stance.png","https://coryn.club/skill/knight/knightsstance.png","downloaded"
"Buff Skills","Knight","13","Knight's Remedy","knight/knightsstance.png","Buff Skills\Knight\13_Knight's Remedy.png","https://coryn.club/skill/knight/knightsstance.png","downloaded"
"Buff Skills","Knight","14","Knight Pledge","knight/knightpledge.png","Buff Skills\Knight\14_Knight Pledge.png","https://coryn.club/skill/knight/knightpledge.png","downloaded"
"Buff Skills","Priest","0","Bless","priest/bless.png","Buff Skills\Priest\00_Bless.png","https://coryn.club/skill/priest/bless.png","downloaded"
"Buff Skills","Priest","1","Gloria","priest/gloria.png","Buff Skills\Priest\01_Gloria.png","https://coryn.club/skill/priest/gloria.png","downloaded"
"Buff Skills","Priest","2","Enhanced Bless","priest/enhancedbless.png","Buff Skills\Priest\02_Enhanced Bless.png","https://coryn.club/skill/priest/enhancedbless.png","downloaded"
"Buff Skills","Priest","3","Royal Heal","priest/royalheal.png","Buff Skills\Priest\03_Royal Heal.png","https://coryn.club/skill/priest/royalheal.png","downloaded"
"Buff Skills","Priest","4","Sacred Teaching","priest/royalheal.png","Buff Skills\Priest\04_Sacred Teaching.png","https://coryn.club/skill/priest/royalheal.png","downloaded"
"Buff Skills","Priest","5","Holy Fist","priest/holyfist.png","Buff Skills\Priest\05_Holy Fist.png","https://coryn.club/skill/priest/holyfist.png","downloaded"
"Buff Skills","Priest","6","Holy Light","priest/holylight.png","Buff Skills\Priest\06_Holy Light.png","https://coryn.club/skill/priest/holylight.png","downloaded"
"Buff Skills","Priest","7","Ether Barrier","priest/etherbarrier.png","Buff Skills\Priest\07_Ether Barrier.png","https://coryn.club/skill/priest/etherbarrier.png","downloaded"
"Buff Skills","Priest","8","Prayer","priest/prayer.png","Buff Skills\Priest\08_Prayer.png","https://coryn.club/skill/priest/prayer.png","downloaded"
"Buff Skills","Priest","9","Aspis Soul","priest/aspissoul.png","Buff Skills\Priest\09_Aspis Soul.png","https://coryn.club/skill/priest/aspissoul.png","downloaded"
"Buff Skills","Priest","10","Staff Thrust","priest/staffthrust.png","Buff Skills\Priest\10_Staff Thrust.png","https://coryn.club/skill/priest/staffthrust.png","downloaded"
"Buff Skills","Priest","11","Exorcism","priest/exorcism.png","Buff Skills\Priest\11_Exorcism.png","https://coryn.club/skill/priest/exorcism.png","downloaded"
"Buff Skills","Priest","12","Holy Book","priest/holybook.png","Buff Skills\Priest\12_Holy Book.png","https://coryn.club/skill/priest/holybook.png","downloaded"
"Buff Skills","Priest","13","Nemesis","priest/nemesis.png","Buff Skills\Priest\13_Nemesis.png","https://coryn.club/skill/priest/nemesis.png","downloaded"
"Buff Skills","Priest","14","Holy Grace","priest/holygrace.png","Buff Skills\Priest\14_Holy Grace.png","https://coryn.club/skill/priest/holygrace.png","downloaded"
"Buff Skills","Hunter","0","Kick","hunter/kick.png","Buff Skills\Hunter\00_Kick.png","https://coryn.club/skill/hunter/kick.png","downloaded"
"Buff Skills","Hunter","1","Sunrise Arrow","hunter/sunrisearrow.png","Buff Skills\Hunter\01_Sunrise Arrow.png","https://coryn.club/skill/hunter/sunrisearrow.png","downloaded"
"Buff Skills","Hunter","2","Magic Arrow","hunter/magicarrow.png","Buff Skills\Hunter\02_Magic Arrow.png","https://coryn.club/skill/hunter/magicarrow.png","downloaded"
"Buff Skills","Hunter","3","Satellite Arrow","hunter/satellitearrow.png","Buff Skills\Hunter\03_Satellite Arrow.png","https://coryn.club/skill/hunter/satellitearrow.png","downloaded"
"Buff Skills","Hunter","4","Focus","hunter/focus.png","Buff Skills\Hunter\04_Focus.png","https://coryn.club/skill/hunter/focus.png","downloaded"
"Buff Skills","Hunter","5","Sleep Trap","hunter/sleeptrap.png","Buff Skills\Hunter\05_Sleep Trap.png","https://coryn.club/skill/hunter/sleeptrap.png","downloaded"
"Buff Skills","Hunter","6","Bear Trap","hunter/beartrap.png","Buff Skills\Hunter\06_Bear Trap.png","https://coryn.club/skill/hunter/beartrap.png","downloaded"
"Buff Skills","Hunter","7","Land Mine","hunter/landmine.png","Buff Skills\Hunter\07_Land Mine.png","https://coryn.club/skill/hunter/landmine.png","downloaded"
"Buff Skills","Hunter","8","Dark Trap","hunter/darktrap.png","Buff Skills\Hunter\08_Dark Trap.png","https://coryn.club/skill/hunter/darktrap.png","downloaded"
"Buff Skills","Hunter","9","Camouflage","hunter/camouflage.png","Buff Skills\Hunter\09_Camouflage.png","https://coryn.club/skill/hunter/camouflage.png","downloaded"
"Buff Skills","Hunter","10","Homing Shot","hunter/homingshot.png","Buff Skills\Hunter\10_Homing Shot.png","https://coryn.club/skill/hunter/homingshot.png","downloaded"
"Buff Skills","Hunter","11","Detection","hunter/detection.png","Buff Skills\Hunter\11_Detection.png","https://coryn.club/skill/hunter/detection.png","downloaded"
"Buff Skills","Hunter","12","Cyclon Arrow","hunter/cyclonarrow.png","Buff Skills\Hunter\12_Cyclon Arrow.png","https://coryn.club/skill/hunter/cyclonarrow.png","downloaded"
"Buff Skills","Hunter","13","Vertical Air","hunter/verticalair.png","Buff Skills\Hunter\13_Vertical Air.png","https://coryn.club/skill/hunter/verticalair.png","downloaded"
"Buff Skills","Hunter","14","Hunter Bowgun","hunter/hunterbowgun.png","Buff Skills\Hunter\14_Hunter Bowgun.png","https://coryn.club/skill/hunter/hunterbowgun.png","downloaded"
"Buff Skills","Hunter","15","Multiple Hunt","hunter/multiplehunt.png","Buff Skills\Hunter\15_Multiple Hunt.png","https://coryn.club/skill/hunter/multiplehunt.png","downloaded"
"Buff Skills","Hunter","16","Hunter Knowledge","hunter/multiplehunt.png","Buff Skills\Hunter\16_Hunter Knowledge.png","https://coryn.club/skill/hunter/multiplehunt.png","downloaded"
"Buff Skills","Assassin","0","Assassin Stab","assassin/assassinstab.png","Buff Skills\Assassin\00_Assassin Stab.png","https://coryn.club/skill/assassin/assassinstab.png","downloaded"
"Buff Skills","Assassin","1","Backstep","assassin/backstep.png","Buff Skills\Assassin\01_Backstep.png","https://coryn.club/skill/assassin/backstep.png","downloaded"
"Buff Skills","Assassin","2","Arcane Strike","assassin/arcanestrike.png","Buff Skills\Assassin\02_Arcane Strike.png","https://coryn.club/skill/assassin/arcanestrike.png","downloaded"
"Buff Skills","Assassin","3","Sicarius","assassin/sicarius.png","Buff Skills\Assassin\03_Sicarius.png","https://coryn.club/skill/assassin/sicarius.png","downloaded"
"Buff Skills","Assassin","4","Secret Assassin","assassin/assassinstab.png","Buff Skills\Assassin\04_Secret Assassin.png","https://coryn.club/skill/assassin/assassinstab.png","downloaded"
"Buff Skills","Assassin","5","Evasion","assassin/evasion.png","Buff Skills\Assassin\05_Evasion.png","https://coryn.club/skill/assassin/evasion.png","downloaded"
"Buff Skills","Assassin","6","Serum","assassin/serum.png","Buff Skills\Assassin\06_Serum.png","https://coryn.club/skill/assassin/serum.png","downloaded"
"Buff Skills","Assassin","7","Foresight","assassin/foresight.png","Buff Skills\Assassin\07_Foresight.png","https://coryn.club/skill/assassin/foresight.png","downloaded"
"Buff Skills","Assassin","8","Shadow Walk","assassin/shadowwalk.png","Buff Skills\Assassin\08_Shadow Walk.png","https://coryn.club/skill/assassin/shadowwalk.png","downloaded"
"Buff Skills","Assassin","9","Assault Chase","assassin/assaultchase.png","Buff Skills\Assassin\09_Assault Chase.png","https://coryn.club/skill/assassin/assaultchase.png","downloaded"
"Buff Skills","Assassin","10","Venom Injection","assassin/venominjection.png","Buff Skills\Assassin\10_Venom Injection.png","https://coryn.club/skill/assassin/venominjection.png","downloaded"
"Buff Skills","Assassin","11","Corrosive Poison","assassin/venominjection.png","Buff Skills\Assassin\11_Corrosive Poison.png","https://coryn.club/skill/assassin/venominjection.png","downloaded"
"Buff Skills","Assassin","12","Venom Thief","assassin/venomthief.png","Buff Skills\Assassin\12_Venom Thief.png","https://coryn.club/skill/assassin/venomthief.png","downloaded"
"Buff Skills","Assassin","13","Death Reception","assassin/deathreception.png","Buff Skills\Assassin\13_Death Reception.png","https://coryn.club/skill/assassin/deathreception.png","downloaded"
"Buff Skills","Assassin","14","Poison Master","assassin/venominjection.png","Buff Skills\Assassin\14_Poison Master.png","https://coryn.club/skill/assassin/venominjection.png","downloaded"
"Buff Skills","Wizard","0","Familia","wizard/familia.png","Buff Skills\Wizard\00_Familia.png","https://coryn.club/skill/wizard/familia.png","downloaded"
"Buff Skills","Wizard","1","Lightning","wizard/lightning.png","Buff Skills\Wizard\01_Lightning.png","https://coryn.club/skill/wizard/lightning.png","downloaded"
"Buff Skills","Wizard","2","Blizzard","wizard/blizzard.png","Buff Skills\Wizard\02_Blizzard.png","https://coryn.club/skill/wizard/blizzard.png","downloaded"
"Buff Skills","Wizard","3","Meteor Strike","wizard/meteorstrike.png","Buff Skills\Wizard\03_Meteor Strike.png","https://coryn.club/skill/wizard/meteorstrike.png","downloaded"
"Buff Skills","Wizard","4","Imperial Ray","wizard/imperialray.png","Buff Skills\Wizard\04_Imperial Ray.png","https://coryn.club/skill/wizard/imperialray.png","downloaded"
"Buff Skills","Wizard","5","Magic Research","magic/magicmastery.png","Buff Skills\Wizard\05_Magic Research.png","https://coryn.club/skill/magic/magicmastery.png","downloaded"
"Buff Skills","Wizard","6","Mana Crystal","wizard/manacrystal.png","Buff Skills\Wizard\06_Mana Crystal.png","https://coryn.club/skill/wizard/manacrystal.png","downloaded"
"Buff Skills","Wizard","7","Stone Barrier","wizard/stonebarrier.png","Buff Skills\Wizard\07_Stone Barrier.png","https://coryn.club/skill/wizard/stonebarrier.png","downloaded"
"Buff Skills","Wizard","8","Advanced Familia","wizard/advancedfamilia.png","Buff Skills\Wizard\08_Advanced Familia.png","https://coryn.club/skill/wizard/advancedfamilia.png","downloaded"
"Buff Skills","Wizard","9","Kitty's Treasure","wizard/familia.png","Buff Skills\Wizard\09_Kitty's Treasure.png","https://coryn.club/skill/wizard/familia.png","downloaded"
"Buff Skills","Wizard","10","Cast Mastery","wizard/castmastery.png","Buff Skills\Wizard\10_Cast Mastery.png","https://coryn.club/skill/wizard/castmastery.png","downloaded"
"Buff Skills","Wizard","11","Crystal Laser","wizard/crystallaser.png","Buff Skills\Wizard\11_Crystal Laser.png","https://coryn.club/skill/wizard/crystallaser.png","downloaded"
"Buff Skills","Wizard","12","Overlimit","wizard/overlimit.png","Buff Skills\Wizard\12_Overlimit.png","https://coryn.club/skill/wizard/overlimit.png","downloaded"
"Buff Skills","Wizard","13","Sorcery Guide","wizard/overlimit.png","Buff Skills\Wizard\13_Sorcery Guide.png","https://coryn.club/skill/wizard/overlimit.png","downloaded"
"Buff Skills","Wizard","14","Shift","wizard/shift.png","Buff Skills\Wizard\14_Shift.png","https://coryn.club/skill/wizard/shift.png","downloaded"
"Buff Skills","Guard","0","Heavy Armor Mastery","guard/heavyarmor.png","Buff Skills\Guard\00_Heavy Armor Mastery.png","https://coryn.club/skill/guard/heavyarmor.png","downloaded"
"Buff Skills","Guard","1","Advanced Guard","guard/advancedguard.png","Buff Skills\Guard\01_Advanced Guard.png","https://coryn.club/skill/guard/advancedguard.png","downloaded"
"Buff Skills","Guard","2","Physical Guard","guard/physicalguard.png","Buff Skills\Guard\02_Physical Guard.png","https://coryn.club/skill/guard/physicalguard.png","downloaded"
"Buff Skills","Guard","3","Light Armor Mastery","guard/lightarmor.png","Buff Skills\Guard\03_Light Armor Mastery.png","https://coryn.club/skill/guard/lightarmor.png","downloaded"
"Buff Skills","Guard","4","Advanced Evasion","guard/advancedevasion.png","Buff Skills\Guard\04_Advanced Evasion.png","https://coryn.club/skill/guard/advancedevasion.png","downloaded"
"Buff Skills","Guard","5","Mirage Evasion","guard/mirageevasion.png","Buff Skills\Guard\05_Mirage Evasion.png","https://coryn.club/skill/guard/mirageevasion.png","downloaded"
"Buff Skills","DarkPower","0","Bloody Bite","dark/bloodybite.png","Buff Skills\DarkPower\00_Bloody Bite.png","https://coryn.club/skill/dark/bloodybite.png","downloaded"
"Buff Skills","DarkPower","1","Dark Stinger","dark/darkstinger.png","Buff Skills\DarkPower\01_Dark Stinger.png","https://coryn.club/skill/dark/darkstinger.png","downloaded"
"Buff Skills","DarkPower","2","Red Tear","dark/redtear.png","Buff Skills\DarkPower\02_Red Tear.png","https://coryn.club/skill/dark/redtear.png","downloaded"
"Buff Skills","DarkPower","3","Soul Hunter","dark/soulhunter.png","Buff Skills\DarkPower\03_Soul Hunter.png","https://coryn.club/skill/dark/soulhunter.png","downloaded"
"Buff Skills","DarkPower","4","Sacrifice","dark/sacrifice.png","Buff Skills\DarkPower\04_Sacrifice.png","https://coryn.club/skill/dark/sacrifice.png","downloaded"
"Buff Skills","DarkPower","5","Demon Claw","dark/demonclaw.png","Buff Skills\DarkPower\05_Demon Claw.png","https://coryn.club/skill/dark/demonclaw.png","downloaded"
"Buff Skills","DarkPower","6","Regretless","dark/regretless.png","Buff Skills\DarkPower\06_Regretless.png","https://coryn.club/skill/dark/regretless.png","downloaded"
"Buff Skills","DarkPower","7","Eternal Nightmare","dark/eternalnightmare.png","Buff Skills\DarkPower\07_Eternal Nightmare.png","https://coryn.club/skill/dark/eternalnightmare.png","downloaded"
"Buff Skills","DarkPower","8","Intimidating Evil Eye","dark/intimidatingevileye.png","","https://coryn.club/skill/dark/intimidatingevileye.png","failed: HTTPError"
"Buff Skills","DarkPower","9","Bewitching Evil Eye","dark/bewitchingevileye.png","","https://coryn.club/skill/dark/bewitchingevileye.png","failed: HTTPError"
"Buff Skills","DarkPower","10","Black Flame Evil Eye","dark/blackflameevileye.png","","https://coryn.club/skill/dark/blackflameevileye.png","failed: HTTPError"
"Buff Skills","DarkPower","11","Chaotic Evil Eye","dark/chaoticevileye.png","","https://coryn.club/skill/dark/chaoticevileye.png","failed: HTTPError"
"Buff Skills","MagicBlade","0","Magic Warrior Mastery","magicblade/magicwarriormastery.png","Buff Skills\MagicBlade\00_Magic Warrior Mastery.png","https://coryn.club/skill/magicblade/magicwarriormastery.png","downloaded"
"Buff Skills","MagicBlade","1","Conversion","magicblade/swordconversion.png","Buff Skills\MagicBlade\01_Conversion.png","https://coryn.club/skill/magicblade/swordconversion.png","downloaded"
"Buff Skills","MagicBlade","2","Resonance","magicblade/resonance.png","Buff Skills\MagicBlade\02_Resonance.png","https://coryn.club/skill/magicblade/resonance.png","downloaded"
"Buff Skills","MagicBlade","3","Enchanted Spell","magicblade/enchantedspell.png","Buff Skills\MagicBlade\03_Enchanted Spell.png","https://coryn.club/skill/magicblade/enchantedspell.png","downloaded"
"Buff Skills","MagicBlade","4","Dual Bringer","magicblade/dualbringer.png","Buff Skills\MagicBlade\04_Dual Bringer.png","https://coryn.club/skill/magicblade/dualbringer.png","downloaded"
"Buff Skills","MagicBlade","5","Ether Flare","magicblade/etherflare.png","Buff Skills\MagicBlade\05_Ether Flare.png","https://coryn.club/skill/magicblade/etherflare.png","downloaded"
"Buff Skills","MagicBlade","6","Element Slash","magicblade/elementslash.png","Buff Skills\MagicBlade\06_Element Slash.png","https://coryn.club/skill/magicblade/elementslash.png","downloaded"
"Buff Skills","MagicBlade","7","Enchant Sword","magicblade/enchantsword.png","Buff Skills\MagicBlade\07_Enchant Sword.png","https://coryn.club/skill/magicblade/enchantsword.png","downloaded"
"Buff Skills","MagicBlade","8","Enchanted Burst","magicblade/enchantedburst.png","Buff Skills\MagicBlade\08_Enchanted Burst.png","https://coryn.club/skill/magicblade/enchantedburst.png","downloaded"
"Buff Skills","MagicBlade","9","Union Sword","magicblade/unionsword.png","Buff Skills\MagicBlade\09_Union Sword.png","https://coryn.club/skill/magicblade/unionsword.png","downloaded"
"Buff Skills","MagicBlade","10","Siphon Barrier","magicblade/siphonbarrier.png","Buff Skills\MagicBlade\10_Siphon Barrier.png","https://coryn.club/skill/magicblade/siphonbarrier.png","downloaded"
"Buff Skills","MagicBlade","11","Teleport","magicblade/teleport.png","Buff Skills\MagicBlade\11_Teleport.png","https://coryn.club/skill/magicblade/teleport.png","downloaded"
"Buff Skills","MagicBlade","12","Siphon Recall","magicblade/siphonrecall.png","Buff Skills\MagicBlade\12_Siphon Recall.png","https://coryn.club/skill/magicblade/siphonrecall.png","downloaded"
"Buff Skills","MagicBlade","13","Float Dash","magicblade/floatdash.png","Buff Skills\MagicBlade\13_Float Dash.png","https://coryn.club/skill/magicblade/floatdash.png","downloaded"
"Buff Skills","MagicBlade","14","Magic Skin","magicblade/magicskin.png","Buff Skills\MagicBlade\14_Magic Skin.png","https://coryn.club/skill/magicblade/magicskin.png","downloaded"
"Buff Skills","Barehand","0","Unarmed Mastery","unarmed/unarmedmastery.png","Buff Skills\Barehand\00_Unarmed Mastery.png","https://coryn.club/skill/unarmed/unarmedmastery.png","downloaded"
"Buff Skills","Barehand","1","Qi Charge","unarmed/qicharge.png","Buff Skills\Barehand\01_Qi Charge.png","https://coryn.club/skill/unarmed/qicharge.png","downloaded"
"Buff Skills","Barehand","2","Lion Rage","unarmed/lionrage.png","Buff Skills\Barehand\02_Lion Rage.png","https://coryn.club/skill/unarmed/lionrage.png","downloaded"
"Buff Skills","Barehand","3","Ultima Lion Rage","unarmed/ultimalionsrage.png","Buff Skills\Barehand\03_Ultima Lion Rage.png","https://coryn.club/skill/unarmed/ultimalionsrage.png","downloaded"
"Buff Skills","Barehand","4","Raving Storm","unarmed/ravingstorm.png","Buff Skills\Barehand\04_Raving Storm.png","https://coryn.club/skill/unarmed/ravingstorm.png","downloaded"
"Buff Skills","Barehand","5","Ultima Raving Storm","unarmed/ultimaraving.png","Buff Skills\Barehand\05_Ultima Raving Storm.png","https://coryn.club/skill/unarmed/ultimaraving.png","downloaded"
"Buff Skills","Barehand","6","Internal Elixir","unarmed/internalelixir.png","Buff Skills\Barehand\06_Internal Elixir.png","https://coryn.club/skill/unarmed/internalelixir.png","downloaded"
"Buff Skills","Barehand","7","Clash of Enmity","unarmed/clashofenmity.png","Buff Skills\Barehand\07_Clash of Enmity.png","https://coryn.club/skill/unarmed/clashofenmity.png","downloaded"
"Buff Skills","Barehand","8","Miracle Comeback","unarmed/internalelixir.png","Buff Skills\Barehand\08_Miracle Comeback.png","https://coryn.club/skill/unarmed/internalelixir.png","downloaded"
"Buff Skills","Barehand","9","Ultima Qi Charge","unarmed/qicharge.png","Buff Skills\Barehand\09_Ultima Qi Charge.png","https://coryn.club/skill/unarmed/qicharge.png","downloaded"
"Buff Skills","Barehand","10","Hidden Talent","unarmed/hiddentalent.png","Buff Skills\Barehand\10_Hidden Talent.png","https://coryn.club/skill/unarmed/hiddentalent.png","downloaded"
"Buff Skills","Barehand","11","Earthshaker","unarmed/earthshaker.png","Buff Skills\Barehand\11_Earthshaker.png","https://coryn.club/skill/unarmed/earthshaker.png","downloaded"
"Buff Skills","Ninja","0","Ninjutsu","ninja/ninjutsu.png","Buff Skills\Ninja\00_Ninjutsu.png","https://coryn.club/skill/ninja/ninjutsu.png","downloaded"
"Buff Skills","Ninja","1","Ninja Spirit","ninja/ninjaspirit.png","Buff Skills\Ninja\01_Ninja Spirit.png","https://coryn.club/skill/ninja/ninjaspirit.png","downloaded"
"Buff Skills","Ninja","2","Ninjutsu Drill I","ninja/ninjaspirit.png","Buff Skills\Ninja\02_Ninjutsu Drill I.png","https://coryn.club/skill/ninja/ninjaspirit.png","downloaded"
"Buff Skills","Ninja","3","Ninjutsu Drill II","ninja/ninjaspirit.png","Buff Skills\Ninja\03_Ninjutsu Drill II.png","https://coryn.club/skill/ninja/ninjaspirit.png","downloaded"
"Buff Skills","Partisan","0","L Boomerang","partisan/lboomerang.png","Buff Skills\Partisan\00_L Boomerang.png","https://coryn.club/skill/partisan/lboomerang.png","downloaded"
"Buff Skills","Partisan","1","L Boomerang II","partisan/lboomerangii.png","Buff Skills\Partisan\01_L Boomerang II.png","https://coryn.club/skill/partisan/lboomerangii.png","downloaded"
"Buff Skills","Partisan","2","L Boomerang III","partisan/lboomerangiii.png","Buff Skills\Partisan\02_L Boomerang III.png","https://coryn.club/skill/partisan/lboomerangiii.png","downloaded"
"Buff Skills","Partisan","3","N Dragon Tooth","partisan/ndragontooth.png","Buff Skills\Partisan\03_N Dragon Tooth.png","https://coryn.club/skill/partisan/ndragontooth.png","downloaded"
"Buff Skills","Partisan","4","Healing Shot","partisan/healingshot.png","Buff Skills\Partisan\04_Healing Shot.png","https://coryn.club/skill/partisan/healingshot.png","downloaded"
"Buff Skills","Partisan","5","Arrow Sharpening","partisan/arrowsharpening.png","Buff Skills\Partisan\05_Arrow Sharpening.png","https://coryn.club/skill/partisan/arrowsharpening.png","downloaded"
"Buff Skills","Partisan","6","Survival Instinct","partisan/survivalinstinct.png","Buff Skills\Partisan\06_Survival Instinct.png","https://coryn.club/skill/partisan/survivalinstinct.png","downloaded"
"Buff Skills","Partisan","7","Frontliner","partisan/frontliner.png","Buff Skills\Partisan\07_Frontliner.png","https://coryn.club/skill/partisan/frontliner.png","downloaded"
"Buff Skills","Partisan","8","Frontliner II","partisan/frontliner.png","Buff Skills\Partisan\08_Frontliner II.png","https://coryn.club/skill/partisan/frontliner.png","downloaded"
"Buff Skills","Necromancer","0","Grave Digger","necromancer/gravedigger.png","Buff Skills\Necromancer\00_Grave Digger.png","https://coryn.club/skill/necromancer/gravedigger.png","downloaded"
"Buff Skills","Necromancer","1","Phantom Missile","necromancer/phantommissile.png","Buff Skills\Necromancer\01_Phantom Missile.png","https://coryn.club/skill/necromancer/phantommissile.png","downloaded"
"Buff Skills","Necromancer","2","Blood Siphon","necromancer/bloodsiphon.png","Buff Skills\Necromancer\02_Blood Siphon.png","https://coryn.club/skill/necromancer/bloodsiphon.png","downloaded"
"Buff Skills","Necromancer","3","Soul Stream","necromancer/soulstream.png","Buff Skills\Necromancer\03_Soul Stream.png","https://coryn.club/skill/necromancer/soulstream.png","downloaded"
"Buff Skills","Necromancer","4","Skeleton Call","necromancer/skeletoncall.png","Buff Skills\Necromancer\04_Skeleton Call.png","https://coryn.club/skill/necromancer/skeletoncall.png","downloaded"
"Buff Skills","Necromancer","5","Demonic Pact","necromancer/demonicpact.png","Buff Skills\Necromancer\05_Demonic Pact.png","https://coryn.club/skill/necromancer/demonicpact.png","downloaded"
"Buff Skills","Necromancer","6","Fine Shovel","necromancer/fineshovel.png","Buff Skills\Necromancer\06_Fine Shovel.png","https://coryn.club/skill/necromancer/fineshovel.png","downloaded"
"Buff Skills","Necromancer","7","Harvest","necromancer/fineshovel.png","Buff Skills\Necromancer\07_Harvest.png","https://coryn.club/skill/necromancer/fineshovel.png","downloaded"
"Buff Skills","Necromancer","8","Opportunist","necromancer/fineshovel.png","Buff Skills\Necromancer\08_Opportunist.png","https://coryn.club/skill/necromancer/fineshovel.png","downloaded"
"Buff Skills","Necromancer","9","Tomb","necromancer/tomb.png","Buff Skills\Necromancer\09_Tomb.png","https://coryn.club/skill/necromancer/tomb.png","downloaded"
"Buff Skills","Necromancer","10","Skull Shaker","necromancer/skullshaker.png","Buff Skills\Necromancer\10_Skull Shaker.png","https://coryn.club/skill/necromancer/skullshaker.png","downloaded"
"Buff Skills","Necromancer","11","Hazard Strike","necromancer/hazardstrike.png","Buff Skills\Necromancer\11_Hazard Strike.png","https://coryn.club/skill/necromancer/hazardstrike.png","downloaded"
"Assist Skills","Survival","0","Play Dead","survival/playdead.png","Assist Skills\Survival\00_Play Dead.png","https://coryn.club/skill/survival/playdead.png","downloaded"
"Assist Skills","Survival","1","EXP Gain Up","survival/expgainup.png","Assist Skills\Survival\01_EXP Gain Up.png","https://coryn.club/skill/survival/expgainup.png","downloaded"
"Assist Skills","Survival","2","Drop Rate Up","survival/droprateup.png","Assist Skills\Survival\02_Drop Rate Up.png","https://coryn.club/skill/survival/droprateup.png","downloaded"
"Assist Skills","Survival","3","Safe Rest","survival/saferest.png","Assist Skills\Survival\03_Safe Rest.png","https://coryn.club/skill/survival/saferest.png","downloaded"
"Assist Skills","Survival","4","HP Boost","survival/hpboost.png","Assist Skills\Survival\04_HP Boost.png","https://coryn.club/skill/survival/hpboost.png","downloaded"
"Assist Skills","Survival","5","Fighter's High","survival/fightershigh.png","Assist Skills\Survival\05_Fighter's High.png","https://coryn.club/skill/survival/fightershigh.png","downloaded"
"Assist Skills","Survival","6","Short Rest","survival/shortrest.png","Assist Skills\Survival\06_Short Rest.png","https://coryn.club/skill/survival/shortrest.png","downloaded"
"Assist Skills","Survival","7","MP Boost","survival/mpboost.png","Assist Skills\Survival\07_MP Boost.png","https://coryn.club/skill/survival/mpboost.png","downloaded"
"Assist Skills","Survival","8","Sober Analysis","survival/soberanalysis.png","Assist Skills\Survival\08_Sober Analysis.png","https://coryn.club/skill/survival/soberanalysis.png","downloaded"
"Assist Skills","Support","0","First Aid","support/firstaid.png","Assist Skills\Support\00_First Aid.png","https://coryn.club/skill/support/firstaid.png","downloaded"
"Assist Skills","Support","1","Mini Heal","support/miniheal.png","Assist Skills\Support\01_Mini Heal.png","https://coryn.club/skill/support/miniheal.png","downloaded"
"Assist Skills","Support","2","Recovery","support/recovery.png","Assist Skills\Support\02_Recovery.png","https://coryn.club/skill/support/recovery.png","downloaded"
"Assist Skills","Support","3","Sanctuary","support/sanctuary.png","Assist Skills\Support\03_Sanctuary.png","https://coryn.club/skill/support/sanctuary.png","downloaded"
"Assist Skills","Support","4","Heal","support/heal.png","Assist Skills\Support\04_Heal.png","https://coryn.club/skill/support/heal.png","downloaded"
"Assist Skills","Support","5","Life Recovery","support/liferecovery.png","Assist Skills\Support\05_Life Recovery.png","https://coryn.club/skill/support/liferecovery.png","downloaded"
"Assist Skills","Support","6","Brave Aura","support/braveaura.png","Assist Skills\Support\06_Brave Aura.png","https://coryn.club/skill/support/braveaura.png","downloaded"
"Assist Skills","Support","7","High Cycle","support/highcycle.png","Assist Skills\Support\07_High Cycle.png","https://coryn.club/skill/support/highcycle.png","downloaded"
"Assist Skills","Support","8","Quick Motion","support/quickmotion.png","Assist Skills\Support\08_Quick Motion.png","https://coryn.club/skill/support/quickmotion.png","downloaded"
"Assist Skills","Support","9","Mana Recharge","support/manarecharge.png","Assist Skills\Support\09_Mana Recharge.png","https://coryn.club/skill/support/manarecharge.png","downloaded"
"Assist Skills","Support","10","Magic Barrier","support/magicbarrier.png","Assist Skills\Support\10_Magic Barrier.png","https://coryn.club/skill/support/magicbarrier.png","downloaded"
"Assist Skills","Support","11","Immunity","support/immunity.png","Assist Skills\Support\11_Immunity.png","https://coryn.club/skill/support/immunity.png","downloaded"
"Assist Skills","Support","12","Fast Reaction","support/fastreaction.png","Assist Skills\Support\12_Fast Reaction.png","https://coryn.club/skill/support/fastreaction.png","downloaded"
"Assist Skills","Battle","0","Magic UP","battle/magicup.png","Assist Skills\Battle\00_Magic UP.png","https://coryn.club/skill/battle/magicup.png","downloaded"
"Assist Skills","Battle","1","Concentrate","battle/concentrate.png","Assist Skills\Battle\01_Concentrate.png","https://coryn.club/skill/battle/concentrate.png","downloaded"
"Assist Skills","Battle","2","Attack UP","battle/attackup.png","Assist Skills\Battle\02_Attack UP.png","https://coryn.club/skill/battle/attackup.png","downloaded"
"Assist Skills","Battle","3","Whack","battle/whack.png","Assist Skills\Battle\03_Whack.png","https://coryn.club/skill/battle/whack.png","downloaded"
"Assist Skills","Battle","4","Defense UP","battle/defenseup.png","Assist Skills\Battle\04_Defense UP.png","https://coryn.club/skill/battle/defenseup.png","downloaded"
"Assist Skills","Battle","5","Dodge UP","battle/dodgeup.png","Assist Skills\Battle\05_Dodge UP.png","https://coryn.club/skill/battle/dodgeup.png","downloaded"
"Assist Skills","Battle","6","Desperate Resist","battle/desperateresist.png","Assist Skills\Battle\06_Desperate Resist.png","https://coryn.club/skill/battle/desperateresist.png","downloaded"
"Assist Skills","Battle","7","Critical UP","battle/criticalup.png","Assist Skills\Battle\07_Critical UP.png","https://coryn.club/skill/battle/criticalup.png","downloaded"
"Assist Skills","Battle","8","Accuracy UP","battle/accuracyup.png","Assist Skills\Battle\08_Accuracy UP.png","https://coryn.club/skill/battle/accuracyup.png","downloaded"
"Assist Skills","Battle","9","Increased Energy","battle/increasedenergy.png","Assist Skills\Battle\09_Increased Energy.png","https://coryn.club/skill/battle/increasedenergy.png","downloaded"
"Assist Skills","Battle","10","Intimidating Power","battle/intimidatingpower.png","Assist Skills\Battle\10_Intimidating Power.png","https://coryn.club/skill/battle/intimidatingpower.png","downloaded"
"Assist Skills","Battle","11","Defense Mastery","battle/defensemastery.png","Assist Skills\Battle\11_Defense Mastery.png","https://coryn.club/skill/battle/defensemastery.png","downloaded"
"Assist Skills","Battle","12","Spell Burst","battle/spellburst.png","Assist Skills\Battle\12_Spell Burst.png","https://coryn.club/skill/battle/spellburst.png","downloaded"
"Assist Skills","Battle","13","Secret Chase Attack","battle/secretchase.png","Assist Skills\Battle\13_Secret Chase Attack.png","https://coryn.club/skill/battle/secretchase.png","downloaded"
"Assist Skills","Battle","14","Super Grip","battle/supergrip.png","Assist Skills\Battle\14_Super Grip.png","https://coryn.club/skill/battle/supergrip.png","downloaded"
"Assist Skills","Minstrel","0","Healing Song","minstrel/healing.png","Assist Skills\Minstrel\00_Healing Song.png","https://coryn.club/skill/minstrel/healing.png","downloaded"
"Assist Skills","Minstrel","1","Fairy Song","minstrel/fairy.png","Assist Skills\Minstrel\01_Fairy Song.png","https://coryn.club/skill/minstrel/fairy.png","downloaded"
"Assist Skills","Minstrel","2","Passion Song","minstrel/passion.png","Assist Skills\Minstrel\02_Passion Song.png","https://coryn.club/skill/minstrel/passion.png","downloaded"
"Assist Skills","Minstrel","3","Wisdom Song","minstrel/wisdom.png","Assist Skills\Minstrel\03_Wisdom Song.png","https://coryn.club/skill/minstrel/wisdom.png","downloaded"
"Assist Skills","Minstrel","4","Life Song","minstrel/life.png","Assist Skills\Minstrel\04_Life Song.png","https://coryn.club/skill/minstrel/life.png","downloaded"
"Assist Skills","Minstrel","5","Fantasy Song","minstrel/fantasy.png","Assist Skills\Minstrel\05_Fantasy Song.png","https://coryn.club/skill/minstrel/fantasy.png","downloaded"
"Assist Skills","Minstrel","6","Beat Blast","minstrel/beatblast.png","","https://coryn.club/skill/minstrel/beatblast.png","failed: HTTPError"
"Assist Skills","Minstrel","7","Sound Veil","minstrel/soundveil.png","","https://coryn.club/skill/minstrel/soundveil.png","failed: HTTPError"
"Assist Skills","Minstrel","8","Battle Anthem","minstrel/battleanthem.png","","https://coryn.club/skill/minstrel/battleanthem.png","failed: HTTPError"
"Assist Skills","Minstrel","9","Ad-lib","minstrel/ad-lib.png","Assist Skills\Minstrel\09_Ad-lib.png","https://coryn.club/skill/minstrel/ad-lib.png","downloaded"
"Assist Skills","Dancer","0","Fairy Dance","dancer/fairy.png","Assist Skills\Dancer\00_Fairy Dance.png","https://coryn.club/skill/dancer/fairy.png","downloaded"
"Assist Skills","Dancer","1","Frenzy Dance","dancer/frenzy.png","Assist Skills\Dancer\01_Frenzy Dance.png","https://coryn.club/skill/dancer/frenzy.png","downloaded"
"Assist Skills","Dancer","2","Spirited Dance","dancer/spirited.png","Assist Skills\Dancer\02_Spirited Dance.png","https://coryn.club/skill/dancer/spirited.png","downloaded"
"Assist Skills","Dancer","3","Astute Dance","dancer/astute.png","Assist Skills\Dancer\03_Astute Dance.png","https://coryn.club/skill/dancer/astute.png","downloaded"
"Assist Skills","Dancer","4","Charming Dance","dancer/charming.png","Assist Skills\Dancer\04_Charming Dance.png","https://coryn.club/skill/dancer/charming.png","downloaded"
"Assist Skills","Dancer","5","Elegant Poise","dancer/elegantpoise.png","Assist Skills\Dancer\05_Elegant Poise.png","https://coryn.club/skill/dancer/elegantpoise.png","downloaded"
"Assist Skills","Dancer","6","Nature's Wonders","dancer/natureswonder.png","Assist Skills\Dancer\06_Nature's Wonders.png","https://coryn.club/skill/dancer/natureswonder.png","downloaded"
"Assist Skills","Golem","0","Golem Call","golem/golemcall.png","Assist Skills\Golem\00_Golem Call.png","https://coryn.club/skill/golem/golemcall.png","downloaded"
"Assist Skills","Golem","1","Neo Lancer","golem/neolancer.png","Assist Skills\Golem\01_Neo Lancer.png","https://coryn.club/skill/golem/neolancer.png","downloaded"
"Assist Skills","Golem","2","Attack Boost","golem/attackboost.png","Assist Skills\Golem\02_Attack Boost.png","https://coryn.club/skill/golem/attackboost.png","downloaded"
"Assist Skills","Golem","3","Neo Shielder","golem/neoshielder.png","Assist Skills\Golem\03_Neo Shielder.png","https://coryn.club/skill/golem/neoshielder.png","downloaded"
"Assist Skills","Golem","4","Shield Boost","golem/shieldboost.png","Assist Skills\Golem\04_Shield Boost.png","https://coryn.club/skill/golem/shieldboost.png","downloaded"
"Assist Skills","Golem","5","Neo Buster","golem/neobuster.png","Assist Skills\Golem\05_Neo Buster.png","https://coryn.club/skill/golem/neobuster.png","downloaded"
"Assist Skills","Golem","6","Speed Boost","golem/speedboost.png","Assist Skills\Golem\06_Speed Boost.png","https://coryn.club/skill/golem/speedboost.png","downloaded"
"Assist Skills","Golem","7","Magic Grenade","golem/magicgrenade.png","Assist Skills\Golem\07_Magic Grenade.png","https://coryn.club/skill/golem/magicgrenade.png","downloaded"
"Assist Skills","Golem","8","Frost Grenade","golem/frostgrenade.png","Assist Skills\Golem\08_Frost Grenade.png","https://coryn.club/skill/golem/frostgrenade.png","downloaded"
"Assist Skills","Golem","9","Flash Grenade","golem/flashgrenade.png","Assist Skills\Golem\09_Flash Grenade.png","https://coryn.club/skill/golem/flashgrenade.png","downloaded"
"Assist Skills","Golem","10","Barrier Screen","golem/barrierscreen.png","","https://coryn.club/skill/golem/barrierscreen.png","failed: HTTPError"
"Assist Skills","Golem","11","Barrier Upgrade","golem/barrierscreen.png","","https://coryn.club/skill/golem/barrierscreen.png","failed: HTTPError"
"Other Skills","Smith","0","Refine Equipment","smith/refineeq.png","Other Skills\Smith\00_Refine Equipment.png","https://coryn.club/skill/smith/refineeq.png","downloaded"
"Other Skills","Smith","1","Novice's Anvil","smith/noviceanvil.png","Other Skills\Smith\01_Novice's Anvil.png","https://coryn.club/skill/smith/noviceanvil.png","downloaded"
"Other Skills","Smith","2","Craftsman's Anvil","smith/craftsmananvil.png","Other Skills\Smith\02_Craftsman's Anvil.png","https://coryn.club/skill/smith/craftsmananvil.png","downloaded"
"Other Skills","Smith","3","Blacksmith's Anvil","smith/blacksmithanvil.png","Other Skills\Smith\03_Blacksmith's Anvil.png","https://coryn.club/skill/smith/blacksmithanvil.png","downloaded"
"Other Skills","Smith","4","Master's Anvil","smith/masteranvil.png","Other Skills\Smith\04_Master's Anvil.png","https://coryn.club/skill/smith/masteranvil.png","downloaded"
"Other Skills","Smith","5","Master's Anvil II","smith/masteranvil.png","Other Skills\Smith\05_Master's Anvil II.png","https://coryn.club/skill/smith/masteranvil.png","downloaded"
"Other Skills","Smith","6","Mid-Class Refinement","smith/midclassrefinement.png","Other Skills\Smith\06_Mid-Class Refinement.png","https://coryn.club/skill/smith/midclassrefinement.png","downloaded"
"Other Skills","Smith","7","High-Class Refinement","smith/highclassrefinement.png","Other Skills\Smith\07_High-Class Refinement.png","https://coryn.club/skill/smith/highclassrefinement.png","downloaded"
"Other Skills","Smith","8","Expert's Refinement","smith/highclassrefinement.png","Other Skills\Smith\08_Expert's Refinement.png","https://coryn.club/skill/smith/highclassrefinement.png","downloaded"
"Other Skills","Smith","9","Create Equipment","smith/createeq.png","Other Skills\Smith\09_Create Equipment.png","https://coryn.club/skill/smith/createeq.png","downloaded"
"Other Skills","Smith","10","Careful Creation","smith/carefulcreation.png","Other Skills\Smith\10_Careful Creation.png","https://coryn.club/skill/smith/carefulcreation.png","downloaded"
"Other Skills","Smith","11","Expert's Creation","smith/carefulcreation.png","Other Skills\Smith\11_Expert's Creation.png","https://coryn.club/skill/smith/carefulcreation.png","downloaded"
"Other Skills","Smith","12","Customize Equipment","smith/customizeeq.png","Other Skills\Smith\12_Customize Equipment.png","https://coryn.club/skill/smith/customizeeq.png","downloaded"
"Other Skills","Smith","13","Accurate Customization","smith/accuratecustomization.png","Other Skills\Smith\13_Accurate Customization.png","https://coryn.club/skill/smith/accuratecustomization.png","downloaded"
"Other Skills","Smith","14","Expert's Customization","smith/accuratecustomization.png","Other Skills\Smith\14_Expert's Customization.png","https://coryn.club/skill/smith/accuratecustomization.png","downloaded"
"Other Skills","Smith","15","Expert's Customization II","smith/accuratecustomization.png","Other Skills\Smith\15_Expert's Customization II.png","https://coryn.club/skill/smith/accuratecustomization.png","downloaded"
"Other Skills","Smith","16","Process Materials","smith/processmaterials.png","Other Skills\Smith\16_Process Materials.png","https://coryn.club/skill/smith/processmaterials.png","downloaded"
"Other Skills","Smith","17","Metal Compassion","smith/metalcompassion.png","Other Skills\Smith\17_Metal Compassion.png","https://coryn.club/skill/smith/metalcompassion.png","downloaded"
"Other Skills","Smith","18","Fabric Compassion","smith/fabriccompassion.png","Other Skills\Smith\18_Fabric Compassion.png","https://coryn.club/skill/smith/fabriccompassion.png","downloaded"
"Other Skills","Smith","19","Beast Compassion","smith/beastcompassion.png","Other Skills\Smith\19_Beast Compassion.png","https://coryn.club/skill/smith/beastcompassion.png","downloaded"
"Other Skills","Smith","20","Wood Compassion","smith/woodcompassion.png","Other Skills\Smith\20_Wood Compassion.png","https://coryn.club/skill/smith/woodcompassion.png","downloaded"
"Other Skills","Smith","21","Medicine Compassion","smith/medicinecompassion.png","Other Skills\Smith\21_Medicine Compassion.png","https://coryn.club/skill/smith/medicinecompassion.png","downloaded"
"Other Skills","Smith","22","Mana Compassion","smith/manacompassion.png","Other Skills\Smith\22_Mana Compassion.png","https://coryn.club/skill/smith/manacompassion.png","downloaded"
"Other Skills","Alchemy","0","Item Synthesis","alchemy/itemsynth.png","Other Skills\Alchemy\00_Item Synthesis.png","https://coryn.club/skill/alchemy/itemsynth.png","downloaded"
"Other Skills","Alchemy","1","Novice's Bottle","alchemy/novicebottle.png","Other Skills\Alchemy\01_Novice's Bottle.png","https://coryn.club/skill/alchemy/novicebottle.png","downloaded"
"Other Skills","Alchemy","2","Craftsman's Bottle","alchemy/craftsmanbottle.png","Other Skills\Alchemy\02_Craftsman's Bottle.png","https://coryn.club/skill/alchemy/craftsmanbottle.png","downloaded"
"Other Skills","Alchemy","3","Synthesist's Bottle","alchemy/synthesistbottle.png","Other Skills\Alchemy\03_Synthesist's Bottle.png","https://coryn.club/skill/alchemy/synthesistbottle.png","downloaded"
"Other Skills","Alchemy","4","Master's Bottle","alchemy/masterbottle.png","Other Skills\Alchemy\04_Master's Bottle.png","https://coryn.club/skill/alchemy/masterbottle.png","downloaded"
"Other Skills","Alchemy","5","Master's Bottle II","alchemy/masterbottle.png","Other Skills\Alchemy\05_Master's Bottle II.png","https://coryn.club/skill/alchemy/masterbottle.png","downloaded"
"Other Skills","Alchemy","6","Mid-Class Synthesis","alchemy/midclasssynth.png","Other Skills\Alchemy\06_Mid-Class Synthesis.png","https://coryn.club/skill/alchemy/midclasssynth.png","downloaded"
"Other Skills","Alchemy","7","High-Class Synthesis","alchemy/highclasssynth.png","Other Skills\Alchemy\07_High-Class Synthesis.png","https://coryn.club/skill/alchemy/highclasssynth.png","downloaded"
"Other Skills","Alchemy","8","Expert's Synthesis","alchemy/highclasssynth.png","Other Skills\Alchemy\08_Expert's Synthesis.png","https://coryn.club/skill/alchemy/highclasssynth.png","downloaded"
"Other Skills","Alchemy","9","Expert's Synthesis II","alchemy/highclasssynth.png","Other Skills\Alchemy\09_Expert's Synthesis II.png","https://coryn.club/skill/alchemy/highclasssynth.png","downloaded"
"Other Skills","Alchemy","10","Synthesize Equipment","alchemy/synthesizeeq.png","Other Skills\Alchemy\10_Synthesize Equipment.png","https://coryn.club/skill/alchemy/synthesizeeq.png","downloaded"
"Other Skills","Alchemy","11","Technical Synthesis I","alchemy/synthesizeeq.png","Other Skills\Alchemy\11_Technical Synthesis I.png","https://coryn.club/skill/alchemy/synthesizeeq.png","downloaded"
"Other Skills","Alchemy","12","Technical Synthesis II","alchemy/synthesizeeq.png","Other Skills\Alchemy\12_Technical Synthesis II.png","https://coryn.club/skill/alchemy/synthesizeeq.png","downloaded"
"Other Skills","Alchemy","13","Technical Synthesis III","alchemy/synthesizeeq.png","Other Skills\Alchemy\13_Technical Synthesis III.png","https://coryn.club/skill/alchemy/synthesizeeq.png","downloaded"
"Other Skills","Alchemy","14","Process Materials","alchemy/processmaterials.png","Other Skills\Alchemy\14_Process Materials.png","https://coryn.club/skill/alchemy/processmaterials.png","downloaded"
"Other Skills","Tamer","0","Taming","tamer/taming.png","Other Skills\Tamer\00_Taming.png","https://coryn.club/skill/tamer/taming.png","downloaded"
"Other Skills","Tamer","1","Capture Technique I","tamer/capture.png","Other Skills\Tamer\01_Capture Technique I.png","https://coryn.club/skill/tamer/capture.png","downloaded"
"Other Skills","Tamer","2","Capture Technique II","tamer/capture.png","Other Skills\Tamer\02_Capture Technique II.png","https://coryn.club/skill/tamer/capture.png","downloaded"
"Other Skills","Tamer","3","Skillful Capture","tamer/skillfulcapture.png","Other Skills\Tamer\03_Skillful Capture.png","https://coryn.club/skill/tamer/skillfulcapture.png","downloaded"
"Other Skills","Tamer","4","Careful Capture","tamer/carefulcapture.png","Other Skills\Tamer\04_Careful Capture.png","https://coryn.club/skill/tamer/carefulcapture.png","downloaded"
"Other Skills","Tamer","5","Pet Heal","tamer/petheal.png","Other Skills\Tamer\05_Pet Heal.png","https://coryn.club/skill/tamer/petheal.png","downloaded"
"Other Skills","Tamer","6","Pet MP Charge","tamer/petmpcharge.png","Other Skills\Tamer\06_Pet MP Charge.png","https://coryn.club/skill/tamer/petmpcharge.png","downloaded"
"Other Skills","Scroll","0","Kunai Throw","scroll/kunaithrow.png","Other Skills\Scroll\00_Kunai Throw.png","https://coryn.club/skill/scroll/kunaithrow.png","downloaded"
"Other Skills","Scroll","1","Fire Release","scroll/firerelease.png","Other Skills\Scroll\01_Fire Release.png","https://coryn.club/skill/scroll/firerelease.png","downloaded"
"Other Skills","Scroll","2","Water Release","scroll/waterrelease.png","Other Skills\Scroll\02_Water Release.png","https://coryn.club/skill/scroll/waterrelease.png","downloaded"
"Other Skills","Scroll","3","Earth Release","scroll/earthrelease.png","Other Skills\Scroll\03_Earth Release.png","https://coryn.club/skill/scroll/earthrelease.png","downloaded"
"Other Skills","Scroll","4","Wind Release","scroll/windrelease.png","Other Skills\Scroll\04_Wind Release.png","https://coryn.club/skill/scroll/windrelease.png","downloaded"
"Other Skills","Scroll","5","Demon Wind Shuriken","scroll/demonshuriken.png","Other Skills\Scroll\05_Demon Wind Shuriken.png","https://coryn.club/skill/scroll/demonshuriken.png","downloaded"
"Other Skills","Scroll","6","Cloning","scroll/cloning.png","Other Skills\Scroll\06_Cloning.png","https://coryn.club/skill/scroll/cloning.png","downloaded"
"Other Skills","Scroll","7","Thunder Release","scroll/thunderrelease.png","Other Skills\Scroll\07_Thunder Release.png","https://coryn.club/skill/scroll/thunderrelease.png","downloaded"
