source_folder,sprite_number,x,y,width,height
01_KakaoTalk_20260818_020740723,1,1,613,40,56
01_KakaoTalk_20260818_020740723,2,44,613,40,56
01_KakaoTalk_20260818_020740723,3,87,613,40,56
01_KakaoTalk_20260818_020740723,4,130,613,40,56
01_KakaoTalk_20260818_020740723,5,173,613,40,56
01_KakaoTalk_20260818_020740723,6,217,636,32,32
01_KakaoTalk_20260818_020740723,7,1,672,52,56
01_KakaoTalk_20260818_020740723,8,55,674,36,31
01_KakaoTalk_20260818_020740723,9,92,674,32,31
01_KakaoTalk_20260818_020740723,10,348,686,40,40
01_KakaoTalk_20260818_020740723,11,393,687,40,40
01_KakaoTalk_20260818_020740723,12,180,688,52,38
01_KakaoTalk_20260818_020740723,13,237,688,48,38
01_KakaoTalk_20260818_020740723,14,436,689,37,37
01_KakaoTalk_20260818_020740723,15,477,689,20,38
01_KakaoTalk_20260818_020740723,16,289,693,55,34
01_KakaoTalk_20260818_020740723,17,56,706,9,22
01_KakaoTalk_20260818_020740723,18,169,706,7,22
01_KakaoTalk_20260818_020740723,19,1,730,392,15
01_KakaoTalk_20260818_020740723,20,1,749,120,179
01_KakaoTalk_20260818_020740723,21,413,750,78,36
01_KakaoTalk_20260818_020740723,22,124,756,16,16
01_KakaoTalk_20260818_020740723,23,143,756,16,16
01_KakaoTalk_20260818_020740723,24,225,763,120,48
01_KakaoTalk_20260818_020740723,25,355,773,54,55
01_KakaoTalk_20260818_020740723,26,125,776,96,97
01_KakaoTalk_20260818_020740723,27,348,778,2,8
01_KakaoTalk_20260818_020740723,28,413,789,80,38
01_KakaoTalk_20260818_020740723,29,256,812,90,1
01_KakaoTalk_20260818_020740723,30,225,815,120,59
01_KakaoTalk_20260818_020740723,31,349,832,80,41
01_KakaoTalk_20260818_020740723,32,434,834,52,38
01_KakaoTalk_20260818_020740723,33,490,835,20,38
01_KakaoTalk_20260818_020740723,34,125,877,318,51
01_KakaoTalk_20260818_020740723,35,447,879,48,49
01_KakaoTalk_20260818_020740723,36,2,932,300,92
01_KakaoTalk_20260818_020740723,37,307,936,86,88
01_KakaoTalk_20260818_020740723,38,398,941,104,39
01_KakaoTalk_20260818_020740723,39,398,984,104,38
02_KakaoTalk_20260818_020740723_01,1,0,1,24,2
02_KakaoTalk_20260818_020740723_01,2,25,1,5,2
02_KakaoTalk_20260818_020740723_01,3,82,1,88,87
02_KakaoTalk_20260818_020740723_01,4,317,1,78,78
02_KakaoTalk_20260818_020740723_01,5,72,3,4,10
02_KakaoTalk_20260818_020740723_01,6,77,3,4,10
02_KakaoTalk_20260818_020740723_01,7,0,4,71,70
02_KakaoTalk_20260818_020740723_01,8,179,8,22,15
02_KakaoTalk_20260818_020740723_01,9,202,10,25,13
02_KakaoTalk_20260818_020740723_01,10,228,10,25,13
02_KakaoTalk_20260818_020740723_01,11,254,10,25,13
02_KakaoTalk_20260818_020740723_01,12,280,10,25,13
02_KakaoTalk_20260818_020740723_01,13,503,11,68,68
02_KakaoTalk_20260818_020740723_01,14,72,14,8,14
02_KakaoTalk_20260818_020740723_01,15,179,24,128,64
02_KakaoTalk_20260818_020740723_01,16,414,27,30,30
02_KakaoTalk_20260818_020740723_01,17,445,27,29,30
02_KakaoTalk_20260818_020740723_01,18,475,27,26,30
02_KakaoTalk_20260818_020740723_01,19,72,29,9,14
02_KakaoTalk_20260818_020740723_01,20,396,36,12,13
02_KakaoTalk_20260818_020740723_01,21,72,44,8,30
02_KakaoTalk_20260818_020740723_01,22,396,50,16,13
02_KakaoTalk_20260818_020740723_01,23,414,58,85,85
02_KakaoTalk_20260818_020740723_01,24,396,64,14,15
02_KakaoTalk_20260818_020740723_01,25,0,75,80,80
02_KakaoTalk_20260818_020740723_01,26,317,80,88,88
02_KakaoTalk_20260818_020740723_01,27,503,80,78,78
02_KakaoTalk_20260818_020740723_01,28,82,89,96,97
02_KakaoTalk_20260818_020740723_01,29,179,89,96,97
02_KakaoTalk_20260818_020740723_01,30,299,99,16,16
02_KakaoTalk_20260818_020740723_01,31,276,100,22,15
02_KakaoTalk_20260818_020740723_01,32,276,116,32,32
02_KakaoTalk_20260818_020740723_01,33,414,144,86,86
02_KakaoTalk_20260818_020740723_01,34,276,149,37,37
02_KakaoTalk_20260818_020740723_01,35,670,153,96,46
02_KakaoTalk_20260818_020740723_01,36,0,156,81,599
02_KakaoTalk_20260818_020740723_01,37,503,159,78,78
02_KakaoTalk_20260818_020740723_01,38,317,169,88,88
02_KakaoTalk_20260818_020740723_01,39,589,183,25,30
02_KakaoTalk_20260818_020740723_01,40,624,184,38,40
02_KakaoTalk_20260818_020740723_01,41,82,187,176,54
02_KakaoTalk_20260818_020740723_01,42,259,187,54,54
02_KakaoTalk_20260818_020740723_01,43,670,201,80,80
02_KakaoTalk_20260818_020740723_01,44,751,201,80,80
02_KakaoTalk_20260818_020740723_01,45,832,201,80,80
02_KakaoTalk_20260818_020740723_01,46,914,201,80,80
02_KakaoTalk_20260818_020740723_01,47,589,214,25,30
02_KakaoTalk_20260818_020740723_01,48,625,230,38,40
02_KakaoTalk_20260818_020740723_01,49,414,231,86,86
02_KakaoTalk_20260818_020740723_01,50,503,238,84,84
02_KakaoTalk_20260818_020740723_01,51,82,242,176,54
02_KakaoTalk_20260818_020740723_01,52,259,242,54,54
02_KakaoTalk_20260818_020740723_01,53,589,245,25,248
02_KakaoTalk_20260818_020740723_01,54,317,258,94,94
02_KakaoTalk_20260818_020740723_01,55,622,277,38,40
02_KakaoTalk_20260818_020740723_01,56,679,288,64,63
02_KakaoTalk_20260818_020740723_01,57,746,288,64,63
02_KakaoTalk_20260818_020740723_01,58,812,288,64,63
02_KakaoTalk_20260818_020740723_01,59,879,288,64,63
02_KakaoTalk_20260818_020740723_01,60,944,288,64,63
02_KakaoTalk_20260818_020740723_01,61,82,297,176,54
02_KakaoTalk_20260818_020740723_01,62,259,297,54,54
02_KakaoTalk_20260818_020740723_01,63,414,318,86,86
02_KakaoTalk_20260818_020740723_01,64,503,323,84,84
02_KakaoTalk_20260818_020740723_01,65,615,323,29,30
02_KakaoTalk_20260818_020740723_01,66,86,352,221,27
02_KakaoTalk_20260818_020740723_01,67,317,353,94,94
02_KakaoTalk_20260818_020740723_01,68,615,354,57,58
02_KakaoTalk_20260818_020740723_01,69,673,355,57,57
02_KakaoTalk_20260818_020740723_01,70,731,355,57,57
02_KakaoTalk_20260818_020740723_01,71,789,355,57,57
02_KakaoTalk_20260818_020740723_01,72,847,355,57,57
02_KakaoTalk_20260818_020740723_01,73,905,355,57,57
02_KakaoTalk_20260818_020740723_01,74,963,355,57,57
02_KakaoTalk_20260818_020740723_01,75,90,376,2,1
02_KakaoTalk_20260818_020740723_01,76,82,382,208,25
02_KakaoTalk_20260818_020740723_01,77,414,405,88,88
02_KakaoTalk_20260818_020740723_01,78,82,408,124,124
02_KakaoTalk_20260818_020740723_01,79,207,408,33,12
02_KakaoTalk_20260818_020740723_01,80,241,408,22,12
02_KakaoTalk_20260818_020740723_01,81,503,408,85,85
02_KakaoTalk_20260818_020740723_01,82,631,413,3,1
02_KakaoTalk_20260818_020740723_01,83,645,413,7,2
02_KakaoTalk_20260818_020740723_01,84,272,414,21,20
02_KakaoTalk_20260818_020740723_01,85,294,414,21,20
02_KakaoTalk_20260818_020740723_01,86,643,414,1,1
02_KakaoTalk_20260818_020740723_01,87,651,415,4,2
02_KakaoTalk_20260818_020740723_01,88,616,417,58,58
02_KakaoTalk_20260818_020740723_01,89,207,421,64,13
02_KakaoTalk_20260818_020740723_01,90,677,425,68,68
02_KakaoTalk_20260818_020740723_01,91,746,425,68,68
02_KakaoTalk_20260818_020740723_01,92,815,425,68,68
02_KakaoTalk_20260818_020740723_01,93,884,425,68,68
02_KakaoTalk_20260818_020740723_01,94,615,428,1,2
02_KakaoTalk_20260818_020740723_01,95,207,435,98,97
02_KakaoTalk_20260818_020740723_01,96,953,435,57,58
02_KakaoTalk_20260818_020740723_01,97,317,448,96,97
02_KakaoTalk_20260818_020740723_01,98,55,454,2,2
02_KakaoTalk_20260818_020740723_01,99,626,478,6,8
02_KakaoTalk_20260818_020740723_01,100,617,479,8,7
02_KakaoTalk_20260818_020740723_01,101,633,479,8,7
02_KakaoTalk_20260818_020740723_01,102,643,479,7,7
02_KakaoTalk_20260818_020740723_01,103,651,479,3,7
02_KakaoTalk_20260818_020740723_01,104,656,479,8,7
02_KakaoTalk_20260818_020740723_01,105,665,479,8,7
02_KakaoTalk_20260818_020740723_01,106,414,494,172,51
02_KakaoTalk_20260818_020740723_01,107,587,494,172,51
02_KakaoTalk_20260818_020740723_01,108,968,497,48,48
02_KakaoTalk_20260818_020740723_01,109,760,511,207,34
02_KakaoTalk_20260818_020740723_01,110,82,533,234,105
02_KakaoTalk_20260818_020740723_01,111,317,546,254,92
02_KakaoTalk_20260818_020740723_01,112,572,546,18,11
02_KakaoTalk_20260818_020740723_01,113,616,547,22,12
02_KakaoTalk_20260818_020740723_01,114,702,547,18,13
02_KakaoTalk_20260818_020740723_01,115,679,548,22,12
02_KakaoTalk_20260818_020740723_01,116,842,548,33,7
02_KakaoTalk_20260818_020740723_01,117,887,548,33,7
02_KakaoTalk_20260818_020740723_01,118,793,551,18,13
02_KakaoTalk_20260818_020740723_01,119,812,551,18,13
02_KakaoTalk_20260818_020740723_01,120,641,556,18,17
02_KakaoTalk_20260818_020740723_01,121,660,556,18,17
02_KakaoTalk_20260818_020740723_01,122,842,556,44,30
02_KakaoTalk_20260818_020740723_01,123,887,556,44,30
02_KakaoTalk_20260818_020740723_01,124,725,557,16,16
02_KakaoTalk_20260818_020740723_01,125,742,557,16,16
02_KakaoTalk_20260818_020740723_01,126,759,557,16,16
02_KakaoTalk_20260818_020740723_01,127,776,557,16,16
02_KakaoTalk_20260818_020740723_01,128,932,557,43,29
02_KakaoTalk_20260818_020740723_01,129,976,557,43,29
02_KakaoTalk_20260818_020740723_01,130,572,558,21,15
02_KakaoTalk_20260818_020740723_01,131,594,558,21,15
02_KakaoTalk_20260818_020740723_01,132,616,560,24,13
02_KakaoTalk_20260818_020740723_01,133,679,561,22,12
02_KakaoTalk_20260818_020740723_01,134,702,561,22,12
02_KakaoTalk_20260818_020740723_01,135,793,565,31,8
02_KakaoTalk_20260818_020740723_01,136,572,574,260,64
02_KakaoTalk_20260818_020740723_01,137,842,587,172,51
02_KakaoTalk_20260818_020740723_01,138,314,599,2,2
02_KakaoTalk_20260818_020740723_01,139,839,630,2,2
02_KakaoTalk_20260818_020740723_01,140,82,639,426,61
02_KakaoTalk_20260818_020740723_01,141,524,639,6,6
02_KakaoTalk_20260818_020740723_01,142,531,639,6,6
02_KakaoTalk_20260818_020740723_01,143,509,640,14,5
02_KakaoTalk_20260818_020740723_01,144,921,642,57,58
02_KakaoTalk_20260818_020740723_01,145,979,642,33,58
02_KakaoTalk_20260818_020740723_01,146,509,646,411,54
02_KakaoTalk_20260818_020740723_01,147,514,662,1,1
02_KakaoTalk_20260818_020740723_01,148,544,682,1,1
02_KakaoTalk_20260818_020740723_01,149,1013,687,10,13
02_KakaoTalk_20260818_020740723_01,150,82,701,621,54
02_KakaoTalk_20260818_020740723_01,151,704,701,272,54
02_KakaoTalk_20260818_020740723_01,152,977,702,33,10
02_KakaoTalk_20260818_020740723_01,153,1011,702,12,10
02_KakaoTalk_20260818_020740723_01,154,977,713,42,42
02_KakaoTalk_20260818_020740723_01,155,697,735,5,4
02_KakaoTalk_20260818_020740723_01,156,116,756,35,63
02_KakaoTalk_20260818_020740723_01,157,523,756,4,6
02_KakaoTalk_20260818_020740723_01,158,528,756,47,27
02_KakaoTalk_20260818_020740723_01,159,576,756,47,27
02_KakaoTalk_20260818_020740723_01,160,624,756,47,27
02_KakaoTalk_20260818_020740723_01,161,672,756,47,27
02_KakaoTalk_20260818_020740723_01,162,752,756,2,2
02_KakaoTalk_20260818_020740723_01,163,755,756,4,4
02_KakaoTalk_20260818_020740723_01,164,766,756,2,4
02_KakaoTalk_20260818_020740723_01,165,269,757,253,2
02_KakaoTalk_20260818_020740723_01,166,720,757,31,8
02_KakaoTalk_20260818_020740723_01,167,999,757,12,8
02_KakaoTalk_20260818_020740723_01,168,1012,757,10,8
02_KakaoTalk_20260818_020740723_01,169,760,758,5,2
02_KakaoTalk_20260818_020740723_01,170,769,758,226,128
02_KakaoTalk_20260818_020740723_01,171,752,759,2,6
02_KakaoTalk_20260818_020740723_01,172,269,760,253,2
02_KakaoTalk_20260818_020740723_01,173,755,761,11,22
02_KakaoTalk_20260818_020740723_01,174,269,763,253,2
02_KakaoTalk_20260818_020740723_01,175,523,763,3,2
02_KakaoTalk_20260818_020740723_01,176,269,766,258,258
02_KakaoTalk_20260818_020740723_01,177,720,766,34,17
02_KakaoTalk_20260818_020740723_01,178,999,766,16,31
02_KakaoTalk_20260818_020740723_01,179,1016,766,5,2
02_KakaoTalk_20260818_020740723_01,180,995,768,3,3
02_KakaoTalk_20260818_020740723_01,181,1016,769,6,28
02_KakaoTalk_20260818_020740723_01,182,528,784,240,240
02_KakaoTalk_20260818_020740723_01,183,995,795,3,3
02_KakaoTalk_20260818_020740723_01,184,999,798,20,28
02_KakaoTalk_20260818_020740723_01,185,1020,803,3,3
02_KakaoTalk_20260818_020740723_01,186,1020,807,3,3
02_KakaoTalk_20260818_020740723_01,187,1020,811,3,3
02_KakaoTalk_20260818_020740723_01,188,1020,815,3,3
02_KakaoTalk_20260818_020740723_01,189,1020,819,3,3
02_KakaoTalk_20260818_020740723_01,190,1020,823,3,3
02_KakaoTalk_20260818_020740723_01,191,999,827,22,29
02_KakaoTalk_20260818_020740723_01,192,999,857,22,29
02_KakaoTalk_20260818_020740723_01,193,0,872,55,35
02_KakaoTalk_20260818_020740723_01,194,211,873,57,34
02_KakaoTalk_20260818_020740723_01,195,769,887,225,137
02_KakaoTalk_20260818_020740723_01,196,995,888,21,20
02_KakaoTalk_20260818_020740723_01,197,1017,889,6,6
02_KakaoTalk_20260818_020740723_01,198,1017,896,4,12
02_KakaoTalk_20260818_020740723_01,199,995,909,26,30
02_KakaoTalk_20260818_020740723_01,200,995,940,25,41
02_KakaoTalk_20260818_020740723_01,201,334,949,1,1
02_KakaoTalk_20260818_020740723_01,202,449,954,2,1
02_KakaoTalk_20260818_020740723_01,203,117,969,34,55
02_KakaoTalk_20260818_020740723_01,204,1021,975,2,6
02_KakaoTalk_20260818_020740723_01,205,995,982,25,42
02_KakaoTalk_20260818_020740723_01,206,1021,983,2,6
02_KakaoTalk_20260818_020740723_01,207,1021,990,2,6
02_KakaoTalk_20260818_020740723_01,208,1021,997,2,6
02_KakaoTalk_20260818_020740723_01,209,1021,1004,2,6
02_KakaoTalk_20260818_020740723_01,210,1021,1011,2,5
02_KakaoTalk_20260818_020740723_01,211,1021,1019,2,5
03_KakaoTalk_20260818_020740723_02,1,0,748,26,31
03_KakaoTalk_20260818_020740723_02,3,0,815,28,31
03_KakaoTalk_20260818_020740723_02,4,0,847,28,31
03_KakaoTalk_20260818_020740723_02,5,0,879,28,31
03_KakaoTalk_20260818_020740723_02,6,0,911,28,31
03_KakaoTalk_20260818_020740723_02,7,0,943,26,34
03_KakaoTalk_20260818_020740723_02,8,21,945,1,16
03_KakaoTalk_20260818_020740723_02,9,24,946,1,15
03_KakaoTalk_20260818_020740723_02,10,0,978,29,31
03_KakaoTalk_20260818_020740723_02,11,0,1010,30,30
03_KakaoTalk_20260818_020740723_02,12,31,1010,29,30
03_KakaoTalk_20260818_020740723_02,13,93,1010,28,30
03_KakaoTalk_20260818_020740723_02,14,152,1011,28,29
03_KakaoTalk_20260818_020740723_02,15,63,1012,29,14
03_KakaoTalk_20260818_020740723_02,16,122,1012,29,28
03_KakaoTalk_20260818_020740723_02,17,181,1012,29,28
03_KakaoTalk_20260818_020740723_02,18,211,1012,29,28
03_KakaoTalk_20260818_020740723_02,19,241,1012,28,28
03_KakaoTalk_20260818_020740723_02,20,270,1013,28,27
03_KakaoTalk_20260818_020740723_02,21,330,1013,27,27
03_KakaoTalk_20260818_020740723_02,22,358,1013,27,27
03_KakaoTalk_20260818_020740723_02,23,386,1014,28,26
03_KakaoTalk_20260818_020740723_02,24,299,1015,30,25
03_KakaoTalk_20260818_020740723_02,26,599,1015,26,25
03_KakaoTalk_20260818_020740723_02,27,655,1015,25,25
03_KakaoTalk_20260818_020740723_02,28,449,1017,30,23
03_KakaoTalk_20260818_020740723_02,29,480,1017,30,23
03_KakaoTalk_20260818_020740723_02,30,511,1017,30,23
03_KakaoTalk_20260818_020740723_02,31,542,1017,29,23
03_KakaoTalk_20260818_020740723_02,32,629,1017,24,23
03_KakaoTalk_20260818_020740723_02,33,681,1017,27,23
03_KakaoTalk_20260818_020740723_02,34,767,1017,24,23
03_KakaoTalk_20260818_020740723_02,35,792,1017,20,23
03_KakaoTalk_20260818_020740723_02,36,415,1018,27,22
03_KakaoTalk_20260818_020740723_02,37,709,1020,28,20
03_KakaoTalk_20260818_020740723_02,38,738,1020,28,20
03_KakaoTalk_20260818_020740723_02,39,61,1021,30,19
03_KakaoTalk_20260818_020740723_02,40,447,1027,1,1
03_KakaoTalk_20260818_020740723_02,41,447,1031,1,3
03_KakaoTalk_20260818_020740723_02,42,126,1032,1,1
03_KakaoTalk_20260818_020740723_02,43,185,1032,1,1
03_KakaoTalk_20260818_020740723_02,44,215,1032,1,1
03_KakaoTalk_20260818_020740723_02,45,626,1032,1,1
03_KakaoTalk_20260818_020740723_02,46,653,1032,1,1
03_KakaoTalk_20260818_020740723_02,47,0,1041,31,35
03_KakaoTalk_20260818_020740723_02,48,32,1041,31,35
03_KakaoTalk_20260818_020740723_02,49,198,1042,28,36
03_KakaoTalk_20260818_020740723_02,50,227,1042,28,36
03_KakaoTalk_20260818_020740723_02,51,256,1042,28,36
03_KakaoTalk_20260818_020740723_02,52,484,1043,28,35
03_KakaoTalk_20260818_020740723_02,53,702,1043,27,35
03_KakaoTalk_20260818_020740723_02,55,64,1045,31,33
03_KakaoTalk_20260818_020740723_02,56,96,1045,31,33
03_KakaoTalk_20260818_020740723_02,57,383,1045,30,33
03_KakaoTalk_20260818_020740723_02,58,285,1046,31,32
03_KakaoTalk_20260818_020740723_02,59,317,1046,31,32
03_KakaoTalk_20260818_020740723_02,60,642,1046,30,32
03_KakaoTalk_20260818_020740723_02,61,513,1047,31,31
03_KakaoTalk_20260818_020740723_02,62,545,1047,31,31
03_KakaoTalk_20260818_020740723_02,63,577,1047,31,31
03_KakaoTalk_20260818_020740723_02,64,762,1047,30,31
03_KakaoTalk_20260818_020740723_02,65,793,1047,30,31
03_KakaoTalk_20260818_020740723_02,66,128,1048,34,30
03_KakaoTalk_20260818_020740723_02,67,163,1048,29,30
03_KakaoTalk_20260818_020740723_02,68,349,1048,33,30
03_KakaoTalk_20260818_020740723_02,69,609,1048,32,30
03_KakaoTalk_20260818_020740723_02,70,730,1048,31,30
03_KakaoTalk_20260818_020740723_02,71,824,1048,31,30
03_KakaoTalk_20260818_020740723_02,72,856,1048,31,30
03_KakaoTalk_20260818_020740723_02,73,888,1048,31,30
03_KakaoTalk_20260818_020740723_02,74,920,1048,30,30
03_KakaoTalk_20260818_020740723_02,75,951,1048,30,30
03_KakaoTalk_20260818_020740723_02,76,982,1048,30,30
03_KakaoTalk_20260818_020740723_02,77,414,1049,34,29
03_KakaoTalk_20260818_020740723_02,78,449,1049,34,29
03_KakaoTalk_20260818_020740723_02,79,195,1054,2,6
03_KakaoTalk_20260818_020740723_02,80,0,1077,1,1
03_KakaoTalk_20260818_020740723_02,81,2,1077,3,1
03_KakaoTalk_20260818_020740723_02,82,32,1077,1,1
03_KakaoTalk_20260818_020740723_02,83,34,1077,3,1
03_KakaoTalk_20260818_020740723_02,84,0,1079,32,36
03_KakaoTalk_20260818_020740723_02,85,33,1079,32,36
03_KakaoTalk_20260818_020740723_02,87,99,1079,31,36
03_KakaoTalk_20260818_020740723_02,88,131,1079,31,36
03_KakaoTalk_20260818_020740723_02,89,163,1079,31,36
03_KakaoTalk_20260818_020740723_02,90,195,1079,31,36
03_KakaoTalk_20260818_020740723_02,91,227,1079,31,36
03_KakaoTalk_20260818_020740723_02,92,259,1079,31,36
03_KakaoTalk_20260818_020740723_02,93,291,1079,31,36
03_KakaoTalk_20260818_020740723_02,94,631,1081,31,34
03_KakaoTalk_20260818_020740723_02,95,360,1082,32,33
03_KakaoTalk_20260818_020740723_02,96,461,1082,32,33
03_KakaoTalk_20260818_020740723_02,97,494,1082,32,33
03_KakaoTalk_20260818_020740723_02,98,907,1082,31,33
03_KakaoTalk_20260818_020740723_02,99,939,1082,31,33
03_KakaoTalk_20260818_020740723_02,100,393,1083,33,32
03_KakaoTalk_20260818_020740723_02,101,427,1083,16,32
03_KakaoTalk_20260818_020740723_02,102,444,1083,16,32
03_KakaoTalk_20260818_020740723_02,103,527,1083,33,32
03_KakaoTalk_20260818_020740723_02,104,808,1083,32,32
03_KakaoTalk_20260818_020740723_02,106,874,1083,32,32
03_KakaoTalk_20260818_020740723_02,108,596,1084,34,31
03_KakaoTalk_20260818_020740723_02,110,971,1084,33,31
03_KakaoTalk_20260818_020740723_02,112,698,1085,35,30
03_KakaoTalk_20260818_020740723_02,115,1005,1092,8,23
03_KakaoTalk_20260818_020740723_02,116,0,1116,33,35
03_KakaoTalk_20260818_020740723_02,117,34,1116,33,35
03_KakaoTalk_20260818_020740723_02,118,55,1116,4,2
03_KakaoTalk_20260818_020740723_02,119,211,1116,32,35
03_KakaoTalk_20260818_020740723_02,120,797,1116,31,35
03_KakaoTalk_20260818_020740723_02,121,866,1116,6,4
03_KakaoTalk_20260818_020740723_02,122,897,1116,31,35
03_KakaoTalk_20260818_020740723_02,123,929,1116,27,35
03_KakaoTalk_20260818_020740723_02,125,663,1117,32,34
03_KakaoTalk_20260818_020740723_02,127,764,1117,32,34
03_KakaoTalk_20260818_020740723_02,129,391,1118,33,33
03_KakaoTalk_20260818_020740723_02,130,425,1118,33,33
03_KakaoTalk_20260818_020740723_02,131,459,1118,33,33
03_KakaoTalk_20260818_020740723_02,134,561,1118,33,33
03_KakaoTalk_20260818_020740723_02,135,595,1118,33,33
03_KakaoTalk_20260818_020740723_02,136,629,1118,33,33
03_KakaoTalk_20260818_020740723_02,137,103,1119,35,32
03_KakaoTalk_20260818_020740723_02,139,175,1119,35,32
03_KakaoTalk_20260818_020740723_02,140,244,1119,35,32
03_KakaoTalk_20260818_020740723_02,141,729,1119,34,32
03_KakaoTalk_20260818_020740723_02,142,280,1120,36,31
03_KakaoTalk_20260818_020740723_02,143,317,1120,36,31
03_KakaoTalk_20260818_020740723_02,144,354,1120,36,31
03_KakaoTalk_20260818_020740723_02,145,791,1120,1,13
03_KakaoTalk_20260818_020740723_02,146,829,1120,35,31
03_KakaoTalk_20260818_020740723_02,148,952,1122,8,9
03_KakaoTalk_20260818_020740723_02,150,525,1129,1,1
03_KakaoTalk_20260818_020740723_02,151,559,1129,1,1
03_KakaoTalk_20260818_020740723_02,153,35,1152,34,34
03_KakaoTalk_20260818_020740723_02,154,70,1152,34,34
03_KakaoTalk_20260818_020740723_02,155,105,1152,34,34
03_KakaoTalk_20260818_020740723_02,156,140,1152,34,34
03_KakaoTalk_20260818_020740723_02,157,175,1152,34,34
03_KakaoTalk_20260818_020740723_02,158,210,1152,34,34
03_KakaoTalk_20260818_020740723_02,159,245,1152,34,34
03_KakaoTalk_20260818_020740723_02,160,280,1152,34,34
03_KakaoTalk_20260818_020740723_02,162,350,1152,34,34
03_KakaoTalk_20260818_020740723_02,163,750,1152,33,34
03_KakaoTalk_20260818_020740723_02,165,993,1152,30,34
03_KakaoTalk_20260818_020740723_02,167,421,1153,35,33
03_KakaoTalk_20260818_020740723_02,169,715,1153,34,33
03_KakaoTalk_20260818_020740723_02,170,784,1153,34,33
03_KakaoTalk_20260818_020740723_02,171,819,1153,34,33
03_KakaoTalk_20260818_020740723_02,174,958,1153,34,33
03_KakaoTalk_20260818_020740723_02,175,493,1154,36,32
03_KakaoTalk_20260818_020740723_02,176,530,1154,36,32
03_KakaoTalk_20260818_020740723_02,177,567,1154,36,32
03_KakaoTalk_20260818_020740723_02,178,609,1154,31,32
03_KakaoTalk_20260818_020740723_02,179,641,1154,36,32
03_KakaoTalk_20260818_020740723_02,181,604,1163,2,12
03_KakaoTalk_20260818_020740723_02,183,463,1188,33,36
03_KakaoTalk_20260818_020740723_02,184,534,1188,33,36
03_KakaoTalk_20260818_020740723_02,185,568,1188,33,36
03_KakaoTalk_20260818_020740723_02,186,713,1188,33,36
03_KakaoTalk_20260818_020740723_02,188,781,1188,33,36
03_KakaoTalk_20260818_020740723_02,189,852,1188,33,36
03_KakaoTalk_20260818_020740723_02,190,886,1188,33,36
03_KakaoTalk_20260818_020740723_02,191,920,1188,33,36
03_KakaoTalk_20260818_020740723_02,192,991,1188,32,36
03_KakaoTalk_20260818_020740723_02,195,212,1189,34,35
03_KakaoTalk_20260818_020740723_02,196,34,1190,35,34
03_KakaoTalk_20260818_020740723_02,197,105,1190,35,34
03_KakaoTalk_20260818_020740723_02,198,176,1190,35,34
03_KakaoTalk_20260818_020740723_02,199,247,1190,35,34
03_KakaoTalk_20260818_020740723_02,200,283,1190,35,34
03_KakaoTalk_20260818_020740723_02,201,319,1190,35,34
03_KakaoTalk_20260818_020740723_02,202,355,1190,35,34
03_KakaoTalk_20260818_020740723_02,203,391,1190,35,34
03_KakaoTalk_20260818_020740723_02,204,402,1190,3,3
03_KakaoTalk_20260818_020740723_02,205,427,1190,35,34
03_KakaoTalk_20260818_020740723_02,206,414,1191,3,2
03_KakaoTalk_20260818_020740723_02,207,503,1191,24,2
03_KakaoTalk_20260818_020740723_02,208,602,1191,36,33
03_KakaoTalk_20260818_020740723_02,210,676,1191,36,33
03_KakaoTalk_20260818_020740723_02,212,954,1191,36,33
03_KakaoTalk_20260818_020740723_02,214,32,1199,1,3
03_KakaoTalk_20260818_020740723_02,215,392,1202,4,6
03_KakaoTalk_20260818_020740723_02,216,70,1213,4,6
03_KakaoTalk_20260818_020740723_02,217,353,1215,1,1
03_KakaoTalk_20260818_020740723_02,218,521,1223,1,1
03_KakaoTalk_20260818_020740723_02,223,140,1225,34,36
03_KakaoTalk_20260818_020740723_02,225,210,1225,34,36
03_KakaoTalk_20260818_020740723_02,227,280,1225,34,36
03_KakaoTalk_20260818_020740723_02,230,385,1225,34,36
03_KakaoTalk_20260818_020740723_02,231,457,1225,34,36
03_KakaoTalk_20260818_020740723_02,234,824,1226,34,35
03_KakaoTalk_20260818_020740723_02,237,420,1227,36,34
03_KakaoTalk_20260818_020740723_02,238,492,1227,36,34
03_KakaoTalk_20260818_020740723_02,239,529,1227,36,34
03_KakaoTalk_20260818_020740723_02,240,601,1227,36,34
03_KakaoTalk_20260818_020740723_02,241,753,1227,35,34
03_KakaoTalk_20260818_020740723_02,243,895,1227,35,34
03_KakaoTalk_20260818_020740723_02,245,676,1228,37,33
03_KakaoTalk_20260818_020740723_02,246,714,1229,38,32
03_KakaoTalk_20260818_020740723_02,247,1001,1230,20,31
03_KakaoTalk_20260818_020740723_02,248,247,1233,3,4
03_KakaoTalk_20260818_020740723_02,252,108,1262,35,35
03_KakaoTalk_20260818_020740723_02,253,144,1262,35,35
03_KakaoTalk_20260818_020740723_02,254,180,1262,35,35
03_KakaoTalk_20260818_020740723_02,256,252,1262,35,35
03_KakaoTalk_20260818_020740723_02,260,396,1263,36,34
03_KakaoTalk_20260818_020740723_02,261,433,1263,36,34
03_KakaoTalk_20260818_020740723_02,262,470,1263,36,34
03_KakaoTalk_20260818_020740723_02,263,507,1263,36,34
03_KakaoTalk_20260818_020740723_02,264,544,1263,36,34
03_KakaoTalk_20260818_020740723_02,267,655,1263,36,34
03_KakaoTalk_20260818_020740723_02,268,692,1263,36,34
03_KakaoTalk_20260818_020740723_02,269,729,1263,36,34
03_KakaoTalk_20260818_020740723_02,274,914,1263,36,34
03_KakaoTalk_20260818_020740723_02,275,951,1263,36,34
03_KakaoTalk_20260818_020740723_02,277,330,1265,2,1
03_KakaoTalk_20260818_020740723_02,278,550,1266,2,2
03_KakaoTalk_20260818_020740723_02,279,546,1271,4,6
03_KakaoTalk_20260818_020740723_02,280,575,1274,4,6
03_KakaoTalk_20260818_020740723_02,281,0,1298,32,40
03_KakaoTalk_20260818_020740723_02,284,105,1302,35,36
03_KakaoTalk_20260818_020740723_02,287,213,1302,35,36
03_KakaoTalk_20260818_020740723_02,289,396,1302,35,36
03_KakaoTalk_20260818_020740723_02,292,285,1303,36,35
03_KakaoTalk_20260818_020740723_02,294,359,1303,36,35
03_KakaoTalk_20260818_020740723_02,295,432,1303,36,35
03_KakaoTalk_20260818_020740723_02,298,615,1303,36,35
03_KakaoTalk_20260818_020740723_02,299,652,1303,36,35
03_KakaoTalk_20260818_020740723_02,300,689,1303,36,35
03_KakaoTalk_20260818_020740723_02,301,807,1303,35,35
03_KakaoTalk_20260818_020740723_02,303,879,1303,35,35
03_KakaoTalk_20260818_020740723_02,304,915,1303,35,35
03_KakaoTalk_20260818_020740723_02,305,951,1303,35,35
03_KakaoTalk_20260818_020740723_02,307,726,1306,39,32
03_KakaoTalk_20260818_020740723_02,309,135,1310,1,1
03_KakaoTalk_20260818_020740723_02,310,353,1328,2,5
03_KakaoTalk_20260818_020740723_02,311,0,1339,35,37
03_KakaoTalk_20260818_020740723_02,313,72,1340,35,36
03_KakaoTalk_20260818_020740723_02,319,362,1340,35,36
03_KakaoTalk_20260818_020740723_02,320,435,1340,35,36
03_KakaoTalk_20260818_020740723_02,321,471,1340,35,36
03_KakaoTalk_20260818_020740723_02,322,507,1340,35,36
03_KakaoTalk_20260818_020740723_02,323,580,1340,35,36
03_KakaoTalk_20260818_020740723_02,331,398,1341,36,35
03_KakaoTalk_20260818_020740723_02,332,543,1341,36,35
03_KakaoTalk_20260818_020740723_02,334,689,1341,36,35
03_KakaoTalk_20260818_020740723_02,335,726,1341,36,35
03_KakaoTalk_20260818_020740723_02,336,799,1341,36,35
03_KakaoTalk_20260818_020740723_02,337,836,1341,36,35
03_KakaoTalk_20260818_020740723_02,338,909,1341,36,35
03_KakaoTalk_20260818_020740723_02,363,924,1377,35,36
03_KakaoTalk_20260818_020740723_02,364,997,1377,26,36
03_KakaoTalk_20260818_020740723_02,365,887,1378,36,35
03_KakaoTalk_20260818_020740723_02,379,444,1414,36,36
03_KakaoTalk_20260818_020740723_02,384,629,1414,36,36
03_KakaoTalk_20260818_020740723_02,394,999,1424,24,26
03_KakaoTalk_20260818_020740723_02,397,74,1451,36,36
03_KakaoTalk_20260818_020740723_02,398,111,1451,36,36
03_KakaoTalk_20260818_020740723_02,402,259,1451,36,36
03_KakaoTalk_20260818_020740723_02,406,407,1451,36,36
03_KakaoTalk_20260818_020740723_02,412,629,1451,36,36
03_KakaoTalk_20260818_020740723_02,413,666,1451,36,36
03_KakaoTalk_20260818_020740723_02,416,777,1451,36,36
03_KakaoTalk_20260818_020740723_02,417,814,1451,36,36
03_KakaoTalk_20260818_020740723_02,418,851,1451,36,36
03_KakaoTalk_20260818_020740723_02,422,999,1459,23,28
03_KakaoTalk_20260818_020740723_02,423,259,1469,1,1
03_KakaoTalk_20260818_020740723_02,424,259,1471,1,1
03_KakaoTalk_20260818_020740723_02,425,264,1475,1,1
03_KakaoTalk_20260818_020740723_02,426,269,1484,1,1
03_KakaoTalk_20260818_020740723_02,440,481,1488,36,36
03_KakaoTalk_20260818_020740723_02,454,999,1496,24,28
03_KakaoTalk_20260818_020740723_02,455,296,1508,1,2
03_KakaoTalk_20260818_020740723_02,456,297,1513,1,1
03_KakaoTalk_20260818_020740723_02,457,0,1525,36,36
03_KakaoTalk_20260818_020740723_02,458,37,1525,36,36
03_KakaoTalk_20260818_020740723_02,459,74,1525,36,36
03_KakaoTalk_20260818_020740723_02,460,111,1525,36,36
03_KakaoTalk_20260818_020740723_02,477,740,1525,36,36
03_KakaoTalk_20260818_020740723_02,482,925,1525,36,36
03_KakaoTalk_20260818_020740723_02,484,999,1531,23,30
03_KakaoTalk_20260818_020740723_02,485,0,1562,36,36
03_KakaoTalk_20260818_020740723_02,487,74,1562,36,36
03_KakaoTalk_20260818_020740723_02,488,111,1562,36,36
03_KakaoTalk_20260818_020740723_02,489,148,1562,36,36
03_KakaoTalk_20260818_020740723_02,501,592,1562,36,36
03_KakaoTalk_20260818_020740723_02,502,629,1562,36,36
03_KakaoTalk_20260818_020740723_02,503,666,1562,36,36
03_KakaoTalk_20260818_020740723_02,512,951,1566,2,2
03_KakaoTalk_20260818_020740723_02,513,999,1566,22,32
03_KakaoTalk_20260818_020740723_02,514,965,1569,1,1
03_KakaoTalk_20260818_020740723_02,515,925,1572,2,3
03_KakaoTalk_20260818_020740723_02,516,386,1597,2,1
03_KakaoTalk_20260818_020740723_02,517,0,1599,36,36
03_KakaoTalk_20260818_020740723_02,518,37,1599,36,36
03_KakaoTalk_20260818_020740723_02,519,74,1599,36,36
03_KakaoTalk_20260818_020740723_02,520,111,1599,36,36
03_KakaoTalk_20260818_020740723_02,521,148,1599,36,36
03_KakaoTalk_20260818_020740723_02,524,259,1599,36,36
03_KakaoTalk_20260818_020740723_02,525,296,1599,36,36
03_KakaoTalk_20260818_020740723_02,526,333,1599,36,36
03_KakaoTalk_20260818_020740723_02,535,666,1599,36,36
03_KakaoTalk_20260818_020740723_02,536,703,1599,36,36
03_KakaoTalk_20260818_020740723_02,537,740,1599,36,36
03_KakaoTalk_20260818_020740723_02,538,777,1599,36,36
03_KakaoTalk_20260818_020740723_02,539,814,1599,36,36
03_KakaoTalk_20260818_020740723_02,540,851,1599,36,36
03_KakaoTalk_20260818_020740723_02,541,888,1599,36,36
03_KakaoTalk_20260818_020740723_02,544,999,1599,20,36
03_KakaoTalk_20260818_020740723_02,554,333,1636,36,36
03_KakaoTalk_20260818_020740723_02,555,370,1636,36,36
03_KakaoTalk_20260818_020740723_02,556,407,1636,36,36
03_KakaoTalk_20260818_020740723_02,557,444,1636,36,36
03_KakaoTalk_20260818_020740723_02,558,481,1636,36,36
03_KakaoTalk_20260818_020740723_02,565,740,1636,36,36
03_KakaoTalk_20260818_020740723_02,568,851,1636,36,36
03_KakaoTalk_20260818_020740723_02,569,888,1636,36,36
03_KakaoTalk_20260818_020740723_02,572,999,1640,23,32
03_KakaoTalk_20260818_020740723_02,573,0,1673,35,39
03_KakaoTalk_20260818_020740723_02,588,554,1676,36,36
03_KakaoTalk_20260818_020740723_02,590,628,1676,36,36
03_KakaoTalk_20260818_020740723_02,591,665,1676,36,36
03_KakaoTalk_20260818_020740723_02,601,998,1696,2,2
03_KakaoTalk_20260818_020740723_02,602,0,1713,34,38
03_KakaoTalk_20260818_020740723_02,603,212,1713,6,1
03_KakaoTalk_20260818_020740723_02,604,509,1713,35,38
03_KakaoTalk_20260818_020740723_02,607,396,1714,36,37
03_KakaoTalk_20260818_020740723_02,608,989,1714,34,37
03_KakaoTalk_20260818_020740723_02,609,116,1715,39,36
03_KakaoTalk_20260818_020740723_02,610,156,1715,39,36
03_KakaoTalk_20260818_020740723_02,612,433,1715,37,36
03_KakaoTalk_20260818_020740723_02,613,471,1715,37,36
03_KakaoTalk_20260818_020740723_02,618,693,1715,36,36
03_KakaoTalk_20260818_020740723_02,626,233,1716,39,35
03_KakaoTalk_20260818_020740723_02,629,354,1718,41,33
03_KakaoTalk_20260818_020740723_02,630,35,1721,2,9
03_KakaoTalk_20260818_020740723_02,631,36,1750,1,1
03_KakaoTalk_20260818_020740723_02,632,0,1752,39,40
03_KakaoTalk_20260818_020740723_02,633,40,1752,39,40
03_KakaoTalk_20260818_020740723_02,634,60,1752,1,1
03_KakaoTalk_20260818_020740723_02,636,120,1752,38,40
03_KakaoTalk_20260818_020740723_02,637,396,1752,37,40
03_KakaoTalk_20260818_020740723_02,638,516,1752,37,40
03_KakaoTalk_20260818_020740723_02,639,554,1752,37,40
03_KakaoTalk_20260818_020740723_02,640,670,1752,36,40
03_KakaoTalk_20260818_020740723_02,641,279,1753,38,39
03_KakaoTalk_20260818_020740723_02,642,318,1753,38,39
03_KakaoTalk_20260818_020740723_02,643,357,1753,38,39
03_KakaoTalk_20260818_020740723_02,644,159,1754,37,38
03_KakaoTalk_20260818_020740723_02,645,212,1754,14,2
03_KakaoTalk_20260818_020740723_02,646,239,1754,39,38
03_KakaoTalk_20260818_020740723_02,647,592,1754,38,38
03_KakaoTalk_20260818_020740723_02,649,434,1755,40,37
03_KakaoTalk_20260818_020740723_02,650,475,1755,40,37
03_KakaoTalk_20260818_020740723_02,651,707,1755,38,37
03_KakaoTalk_20260818_020740723_02,653,785,1755,38,37
03_KakaoTalk_20260818_020740723_02,657,941,1755,38,37
03_KakaoTalk_20260818_020740723_02,659,194,1756,4,12
03_KakaoTalk_20260818_020740723_02,660,199,1757,38,35
03_KakaoTalk_20260818_020740723_02,661,701,1759,1,1
03_KakaoTalk_20260818_020740723_02,662,70,1760,1,2
03_KakaoTalk_20260818_020740723_02,663,237,1764,1,1
03_KakaoTalk_20260818_020740723_02,664,0,1793,40,39
03_KakaoTalk_20260818_020740723_02,665,41,1793,40,39
03_KakaoTalk_20260818_020740723_02,666,82,1793,40,39
03_KakaoTalk_20260818_020740723_02,667,123,1793,40,39
03_KakaoTalk_20260818_020740723_02,668,164,1793,40,39
03_KakaoTalk_20260818_020740723_02,669,205,1793,40,39
03_KakaoTalk_20260818_020740723_02,670,214,1793,1,1
03_KakaoTalk_20260818_020740723_02,671,246,1793,40,39
03_KakaoTalk_20260818_020740723_02,672,287,1793,40,39
03_KakaoTalk_20260818_020740723_02,673,328,1793,40,39
03_KakaoTalk_20260818_020740723_02,674,369,1793,40,39
03_KakaoTalk_20260818_020740723_02,675,412,1793,38,39
03_KakaoTalk_20260818_020740723_02,676,451,1793,40,39
03_KakaoTalk_20260818_020740723_02,677,492,1793,40,39
03_KakaoTalk_20260818_020740723_02,678,533,1793,40,39
03_KakaoTalk_20260818_020740723_02,679,574,1793,40,39
03_KakaoTalk_20260818_020740723_02,680,615,1793,40,39
03_KakaoTalk_20260818_020740723_02,681,656,1793,40,39
03_KakaoTalk_20260818_020740723_02,682,697,1793,39,39
03_KakaoTalk_20260818_020740723_02,683,737,1793,39,39
03_KakaoTalk_20260818_020740723_02,684,777,1793,39,39
03_KakaoTalk_20260818_020740723_02,685,817,1793,39,39
03_KakaoTalk_20260818_020740723_02,686,857,1793,39,39
03_KakaoTalk_20260818_020740723_02,689,978,1794,40,38
03_KakaoTalk_20260818_020740723_02,690,410,1807,2,3
03_KakaoTalk_20260818_020740723_02,691,0,1833,58,69
03_KakaoTalk_20260818_020740723_02,692,59,1833,40,20
03_KakaoTalk_20260818_020740723_02,694,145,1833,20,28
03_KakaoTalk_20260818_020740723_02,695,166,1833,34,20
03_KakaoTalk_20260818_020740723_02,698,405,1833,36,26
03_KakaoTalk_20260818_020740723_02,699,446,1833,38,30
03_KakaoTalk_20260818_020740723_02,704,259,1834,48,31
03_KakaoTalk_20260818_020740723_02,707,656,1834,36,27
03_KakaoTalk_20260818_020740723_02,708,779,1834,34,27
03_KakaoTalk_20260818_020740723_02,710,738,1835,36,26
03_KakaoTalk_20260818_020740723_02,711,943,1835,44,32
03_KakaoTalk_20260818_020740723_02,715,201,1837,12,16
03_KakaoTalk_20260818_020740723_02,716,128,1838,15,2
03_KakaoTalk_20260818_020740723_02,717,59,1854,48,48
03_KakaoTalk_20260818_020740723_02,718,166,1854,47,48
03_KakaoTalk_20260818_020740723_02,719,214,1857,44,45
03_KakaoTalk_20260818_020740723_02,720,314,1859,43,43
03_KakaoTalk_20260818_020740723_02,721,405,1860,40,42
03_KakaoTalk_20260818_020740723_02,722,108,1862,57,40
03_KakaoTalk_20260818_020740723_02,723,491,1862,41,40
03_KakaoTalk_20260818_020740723_02,724,533,1862,40,40
03_KakaoTalk_20260818_020740723_02,725,574,1862,40,40
03_KakaoTalk_20260818_020740723_02,726,608,1862,1,1
03_KakaoTalk_20260818_020740723_02,727,615,1862,40,40
03_KakaoTalk_20260818_020740723_02,728,656,1862,40,40
03_KakaoTalk_20260818_020740723_02,729,697,1862,40,40
03_KakaoTalk_20260818_020740723_02,730,738,1862,40,40
03_KakaoTalk_20260818_020740723_02,731,779,1862,40,40
03_KakaoTalk_20260818_020740723_02,732,820,1862,40,40
03_KakaoTalk_20260818_020740723_02,733,861,1862,40,40
03_KakaoTalk_20260818_020740723_02,734,902,1862,40,40
03_KakaoTalk_20260818_020740723_02,735,930,1862,1,1
03_KakaoTalk_20260818_020740723_02,736,446,1864,44,38
03_KakaoTalk_20260818_020740723_02,737,582,1864,1,1
03_KakaoTalk_20260818_020740723_02,738,358,1865,46,37
03_KakaoTalk_20260818_020740723_02,739,259,1866,54,36
03_KakaoTalk_20260818_020740723_02,740,943,1868,47,34
03_KakaoTalk_20260818_020740723_02,742,849,1869,1,1
03_KakaoTalk_20260818_020740723_02,743,597,1898,1,1
03_KakaoTalk_20260818_020740723_02,744,596,1900,2,2
03_KakaoTalk_20260818_020740723_02,745,546,1901,1,1
03_KakaoTalk_20260818_020740723_02,746,744,1901,1,1
03_KakaoTalk_20260818_020740723_02,747,861,1901,4,1
03_KakaoTalk_20260818_020740723_02,748,908,1901,1,1
03_KakaoTalk_20260818_020740723_02,749,0,1903,64,64
03_KakaoTalk_20260818_020740723_02,750,65,1903,64,64
03_KakaoTalk_20260818_020740723_02,751,258,1903,61,64
03_KakaoTalk_20260818_020740723_02,752,508,1903,53,64
03_KakaoTalk_20260818_020740723_02,753,195,1904,62,63
03_KakaoTalk_20260818_020740723_02,754,320,1904,58,59
03_KakaoTalk_20260818_020740723_02,755,909,1904,42,63
03_KakaoTalk_20260818_020740723_02,756,130,1905,64,62
03_KakaoTalk_20260818_020740723_02,757,692,1905,50,62
03_KakaoTalk_20260818_020740723_02,758,382,1907,63,60
03_KakaoTalk_20260818_020740723_02,759,449,1910,58,57
03_KakaoTalk_20260818_020740723_02,760,858,1913,50,54
03_KakaoTalk_20260818_020740723_02,761,1004,1913,14,25
03_KakaoTalk_20260818_020740723_02,762,803,1915,54,52
03_KakaoTalk_20260818_020740723_02,763,743,1916,59,51
03_KakaoTalk_20260818_020740723_02,764,562,1917,64,50
03_KakaoTalk_20260818_020740723_02,765,683,1918,2,2
03_KakaoTalk_20260818_020740723_02,766,684,1918,4,8
03_KakaoTalk_20260818_020740723_02,767,678,1919,4,2
03_KakaoTalk_20260818_020740723_02,768,952,1919,51,48
03_KakaoTalk_20260818_020740723_02,769,645,1922,46,45
03_KakaoTalk_20260818_020740723_02,770,380,1930,1,10
03_KakaoTalk_20260818_020740723_02,771,627,1933,5,23
03_KakaoTalk_20260818_020740723_02,772,446,1934,1,10
03_KakaoTalk_20260818_020740723_02,773,1004,1939,18,28
03_KakaoTalk_20260818_020740723_02,774,646,1946,1,1
03_KakaoTalk_20260818_020740723_02,775,647,1949,1,1
03_KakaoTalk_20260818_020740723_02,776,128,1957,1,5
03_KakaoTalk_20260818_020740723_02,777,355,1966,18,1
03_KakaoTalk_20260818_020740723_02,778,0,1968,80,80
03_KakaoTalk_20260818_020740723_02,779,161,1968,15,7
03_KakaoTalk_20260818_020740723_02,780,395,1968,31,14
03_KakaoTalk_20260818_020740723_02,781,532,1968,15,15
03_KakaoTalk_20260818_020740723_02,782,987,1968,36,39
03_KakaoTalk_20260818_020740723_02,783,81,1969,79,79
03_KakaoTalk_20260818_020740723_02,784,177,1970,2,2
03_KakaoTalk_20260818_020740723_02,785,180,1970,2,2
03_KakaoTalk_20260818_020740723_02,786,183,1970,2,2
03_KakaoTalk_20260818_020740723_02,787,241,1970,8,8
03_KakaoTalk_20260818_020740723_02,788,177,1973,2,2
03_KakaoTalk_20260818_020740723_02,789,180,1973,2,2
03_KakaoTalk_20260818_020740723_02,790,183,1973,2,2
03_KakaoTalk_20260818_020740723_02,791,321,1974,73,74
03_KakaoTalk_20260818_020740723_02,792,161,1976,79,72
03_KakaoTalk_20260818_020740723_02,793,241,1979,79,69
03_KakaoTalk_20260818_020740723_02,794,395,1983,69,65
03_KakaoTalk_20260818_020740723_02,795,465,1983,66,65
03_KakaoTalk_20260818_020740723_02,796,532,1984,64,64
03_KakaoTalk_20260818_020740723_02,797,597,1984,64,64
03_KakaoTalk_20260818_020740723_02,798,662,1984,64,64
03_KakaoTalk_20260818_020740723_02,799,727,1984,64,64
03_KakaoTalk_20260818_020740723_02,800,792,1984,64,64
03_KakaoTalk_20260818_020740723_02,801,857,1984,64,64
03_KakaoTalk_20260818_020740723_02,802,922,1984,64,64
03_KakaoTalk_20260818_020740723_02,803,727,1993,2,8
03_KakaoTalk_20260818_020740723_02,804,987,2008,36,40
03_KakaoTalk_20260818_020740723_02,805,1018,2015,1,1
04_KakaoTalk_20260818_020740723_03,1,0,0,1024,256
05_KakaoTalk_20260818_020740723_04,1,65,1,32,46
05_KakaoTalk_20260818_020740723_04,2,98,1,5,5
05_KakaoTalk_20260818_020740723_04,3,113,1,14,46
05_KakaoTalk_20260818_020740723_04,4,4,3,53,57
05_KakaoTalk_20260818_020740723_04,5,98,8,13,11
05_KakaoTalk_20260818_020740723_04,6,98,20,13,13
05_KakaoTalk_20260818_020740723_04,7,98,34,13,13
05_KakaoTalk_20260818_020740723_04,8,69,49,57,46
05_KakaoTalk_20260818_020740723_04,9,5,71,53,52
05_KakaoTalk_20260818_020740723_04,10,65,97,32,24
05_KakaoTalk_20260818_020740723_04,11,102,99,23,25
06_KakaoTalk_20260818_020740723_05,1,291,2,40,32
06_KakaoTalk_20260818_020740723_05,2,332,2,38,32
06_KakaoTalk_20260818_020740723_05,3,421,3,23,40
06_KakaoTalk_20260818_020740723_05,4,129,4,39,22
06_KakaoTalk_20260818_020740723_05,5,447,4,72,72
06_KakaoTalk_20260818_020740723_05,6,690,4,35,26
06_KakaoTalk_20260818_020740723_05,7,169,5,23,21
06_KakaoTalk_20260818_020740723_05,8,592,5,54,53
06_KakaoTalk_20260818_020740723_05,9,81,8,39,39
06_KakaoTalk_20260818_020740723_05,10,193,8,12,18
06_KakaoTalk_20260818_020740723_05,11,372,9,48,34
06_KakaoTalk_20260818_020740723_05,12,49,10,29,37
06_KakaoTalk_20260818_020740723_05,13,0,13,48,34
06_KakaoTalk_20260818_020740723_05,14,527,23,64,64
06_KakaoTalk_20260818_020740723_05,15,129,27,80,80
06_KakaoTalk_20260818_020740723_05,16,210,27,80,80
06_KakaoTalk_20260818_020740723_05,17,655,31,29,32
06_KakaoTalk_20260818_020740723_05,18,690,31,23,40
06_KakaoTalk_20260818_020740723_05,19,291,35,75,80
06_KakaoTalk_20260818_020740723_05,20,372,44,73,74
06_KakaoTalk_20260818_020740723_05,21,0,48,80,80
06_KakaoTalk_20260818_020740723_05,22,48,48,4,1
06_KakaoTalk_20260818_020740723_05,23,81,48,40,39
06_KakaoTalk_20260818_020740723_05,24,592,59,55,55
06_KakaoTalk_20260818_020740723_05,25,655,64,26,36
06_KakaoTalk_20260818_020740723_05,26,690,72,37,30
06_KakaoTalk_20260818_020740723_05,27,447,77,72,72
06_KakaoTalk_20260818_020740723_05,28,84,88,37,40
06_KakaoTalk_20260818_020740723_05,29,527,88,64,64
06_KakaoTalk_20260818_020740723_05,30,210,93,1,1
06_KakaoTalk_20260818_020740723_05,31,210,95,2,8
06_KakaoTalk_20260818_020740723_05,32,655,101,26,36
06_KakaoTalk_20260818_020740723_05,33,690,103,35,35
06_KakaoTalk_20260818_020740723_05,34,81,106,1,2
06_KakaoTalk_20260818_020740723_05,35,129,108,80,80
06_KakaoTalk_20260818_020740723_05,36,210,108,80,80
06_KakaoTalk_20260818_020740723_05,37,81,109,2,8
06_KakaoTalk_20260818_020740723_05,38,592,115,57,62
06_KakaoTalk_20260818_020740723_05,39,291,116,80,75
06_KakaoTalk_20260818_020740723_05,40,372,119,73,74
06_KakaoTalk_20260818_020740723_05,41,0,129,128,61
06_KakaoTalk_20260818_020740723_05,42,655,138,26,38
06_KakaoTalk_20260818_020740723_05,43,690,139,35,35
06_KakaoTalk_20260818_020740723_05,44,286,140,1,1
06_KakaoTalk_20260818_020740723_05,45,447,150,70,75
06_KakaoTalk_20260818_020740723_05,46,527,153,64,64
06_KakaoTalk_20260818_020740723_05,47,690,175,35,35
06_KakaoTalk_20260818_020740723_05,48,655,177,33,32
06_KakaoTalk_20260818_020740723_05,49,592,178,56,64
06_KakaoTalk_20260818_020740723_05,50,129,189,80,80
06_KakaoTalk_20260818_020740723_05,51,210,189,80,80
06_KakaoTalk_20260818_020740723_05,52,0,191,94,95
06_KakaoTalk_20260818_020740723_05,53,291,192,80,78
06_KakaoTalk_20260818_020740723_05,54,372,194,73,76
06_KakaoTalk_20260818_020740723_05,55,95,205,32,40
06_KakaoTalk_20260818_020740723_05,56,655,210,33,32
06_KakaoTalk_20260818_020740723_05,57,690,211,37,34
06_KakaoTalk_20260818_020740723_05,58,527,218,64,64
06_KakaoTalk_20260818_020740723_05,59,447,226,79,69
06_KakaoTalk_20260818_020740723_05,60,592,243,56,64
06_KakaoTalk_20260818_020740723_05,61,655,243,32,34
06_KakaoTalk_20260818_020740723_05,62,95,246,32,40
06_KakaoTalk_20260818_020740723_05,63,690,246,36,35
06_KakaoTalk_20260818_020740723_05,64,129,270,80,80
06_KakaoTalk_20260818_020740723_05,65,210,270,80,80
06_KakaoTalk_20260818_020740723_05,66,291,271,78,80
06_KakaoTalk_20260818_020740723_05,67,372,271,72,79
06_KakaoTalk_20260818_020740723_05,68,655,278,34,40
06_KakaoTalk_20260818_020740723_05,69,690,282,37,36
06_KakaoTalk_20260818_020740723_05,70,527,283,62,78
06_KakaoTalk_20260818_020740723_05,71,728,286,23,32
06_KakaoTalk_20260818_020740723_05,72,0,287,94,96
06_KakaoTalk_20260818_020740723_05,73,447,296,78,71
06_KakaoTalk_20260818_020740723_05,74,95,297,4,4
06_KakaoTalk_20260818_020740723_05,75,95,302,32,40
06_KakaoTalk_20260818_020740723_05,76,592,308,62,64
06_KakaoTalk_20260818_020740723_05,77,132,311,1,1
06_KakaoTalk_20260818_020740723_05,78,291,313,1,2
06_KakaoTalk_20260818_020740723_05,79,655,319,63,53
06_KakaoTalk_20260818_020740723_05,80,719,319,63,53
06_KakaoTalk_20260818_020740723_05,81,783,320,52,52
06_KakaoTalk_20260818_020740723_05,82,885,334,40,38
06_KakaoTalk_20260818_020740723_05,83,926,335,38,37
06_KakaoTalk_20260818_020740723_05,84,965,337,40,35
06_KakaoTalk_20260818_020740723_05,85,836,338,48,34
06_KakaoTalk_20260818_020740723_05,86,95,343,32,40
06_KakaoTalk_20260818_020740723_05,87,129,351,80,80
06_KakaoTalk_20260818_020740723_05,88,210,351,80,80
06_KakaoTalk_20260818_020740723_05,89,372,351,73,80
06_KakaoTalk_20260818_020740723_05,90,291,352,80,79
06_KakaoTalk_20260818_020740723_05,91,208,360,1,15
06_KakaoTalk_20260818_020740723_05,92,527,362,64,80
06_KakaoTalk_20260818_020740723_05,93,447,368,77,72
06_KakaoTalk_20260818_020740723_05,94,592,373,68,69
06_KakaoTalk_20260818_020740723_05,95,742,373,66,69
06_KakaoTalk_20260818_020740723_05,96,809,378,64,64
06_KakaoTalk_20260818_020740723_05,97,874,378,64,64
06_KakaoTalk_20260818_020740723_05,98,939,378,64,64
06_KakaoTalk_20260818_020740723_05,99,0,384,128,128
06_KakaoTalk_20260818_020740723_05,100,661,384,80,58
06_KakaoTalk_20260818_020740723_05,101,443,430,1,1
06_KakaoTalk_20260818_020740723_05,102,129,432,80,80
06_KakaoTalk_20260818_020740723_05,103,210,432,80,80
06_KakaoTalk_20260818_020740723_05,104,291,432,80,80
06_KakaoTalk_20260818_020740723_05,105,372,432,74,80
06_KakaoTalk_20260818_020740723_05,106,208,441,1,15
06_KakaoTalk_20260818_020740723_05,107,449,441,77,71
06_KakaoTalk_20260818_020740723_05,108,535,443,72,69
06_KakaoTalk_20260818_020740723_05,109,291,444,1,10
06_KakaoTalk_20260818_020740723_05,110,608,445,80,67
06_KakaoTalk_20260818_020740723_05,111,932,445,74,67
06_KakaoTalk_20260818_020740723_05,112,689,446,80,66
06_KakaoTalk_20260818_020740723_05,113,770,446,80,66
06_KakaoTalk_20260818_020740723_05,114,851,446,80,66
06_KakaoTalk_20260818_020740723_05,115,527,462,1,16
06_KakaoTalk_20260818_020740723_05,116,369,468,2,15
06_KakaoTalk_20260818_020740723_05,117,1004,473,1,1
06_KakaoTalk_20260818_020740723_05,118,527,479,1,9
06_KakaoTalk_20260818_020740723_05,119,447,487,1,5
06_KakaoTalk_20260818_020740723_05,120,527,496,1,8
